0,1,Label
0.13613987,0.86386013,gen_crystal_ProtGPT2_0
-2.110214,3.110214,gen_crystal_ProtGPT2_1
0.041412473,0.9585875,gen_crystal_ProtGPT2_2
-0.23099577,1.2309958,gen_crystal_ProtGPT2_3
-0.046219945,1.04622,gen_crystal_ProtGPT2_4
-2.4725628,3.4725628,gen_crystal_ProtGPT2_5
-0.73985195,1.739852,gen_crystal_ProtGPT2_6
-0.16742563,1.1674256,gen_crystal_ProtGPT2_7
-1.6275597,2.6275597,gen_crystal_ProtGPT2_8
0.416171,0.583829,gen_crystal_ProtGPT2_9
-2.4474082,3.4474082,gen_crystal_ProtGPT2_10
0.779254,0.22074598,gen_crystal_ProtGPT2_11
0.43772697,0.562273,gen_crystal_ProtGPT2_12
0.55628765,0.44371232,gen_crystal_ProtGPT2_13
-2.7812018,3.7812018,gen_crystal_ProtGPT2_14
0.30318582,0.6968142,gen_crystal_ProtGPT2_15
-2.2217793,3.2217793,gen_crystal_ProtGPT2_16
-2.6675413,3.6675413,gen_crystal_ProtGPT2_17
-1.2671046,2.2671046,gen_crystal_ProtGPT2_18
0.6856458,0.31435415,gen_crystal_ProtGPT2_19
0.1724481,0.8275519,gen_crystal_ProtGPT2_20
0.05715865,0.94284135,gen_crystal_ProtGPT2_21
-0.66918147,1.6691815,gen_crystal_ProtGPT2_22
0.7136775,0.28632244,gen_crystal_ProtGPT2_23
0.467409,0.532591,gen_crystal_ProtGPT2_24
1.2490642,-0.24906416,gen_crystal_ProtGPT2_25
-2.8164845,3.8164845,gen_crystal_ProtGPT2_26
0.15329254,0.84670746,gen_crystal_ProtGPT2_27
-1.9988654,2.9988654,gen_crystal_ProtGPT2_28
-2.3549423,3.3549423,gen_crystal_ProtGPT2_29
-1.8239841,2.8239841,gen_crystal_ProtGPT2_30
-2.0907013,3.0907013,gen_crystal_ProtGPT2_31
0.79107225,0.20892778,gen_crystal_ProtGPT2_32
-1.2542443,2.2542443,gen_crystal_ProtGPT2_33
-2.1694407,3.1694407,gen_crystal_ProtGPT2_34
-1.4132447,2.4132447,gen_crystal_ProtGPT2_35
-2.6714847,3.6714847,gen_crystal_ProtGPT2_36
0.5129214,0.4870786,gen_crystal_ProtGPT2_37
-0.83598125,1.8359812,gen_crystal_ProtGPT2_38
-1.5429873,2.5429873,gen_crystal_ProtGPT2_39
0.24935126,0.75064874,gen_crystal_ProtGPT2_40
-0.9811938,1.9811938,gen_crystal_ProtGPT2_41
-1.6835961,2.6835961,gen_crystal_ProtGPT2_42
0.6895796,0.3104204,gen_crystal_ProtGPT2_43
-2.2763095,3.2763095,gen_crystal_ProtGPT2_44
-0.4289279,1.4289279,gen_crystal_ProtGPT2_45
0.53694946,0.46305054,gen_crystal_ProtGPT2_46
1.259749,-0.25974908,gen_crystal_ProtGPT2_47
0.07771313,0.92228687,gen_crystal_ProtGPT2_48
-0.52156293,1.5215629,gen_crystal_ProtGPT2_49
0.44279045,0.55720955,gen_crystal_ProtGPT2_50
1.1143698,-0.11436973,gen_crystal_ProtGPT2_51
-1.0978324,2.0978324,gen_crystal_ProtGPT2_52
-2.8607695,3.8607695,gen_crystal_ProtGPT2_53
0.13515788,0.8648421,gen_crystal_ProtGPT2_54
-0.4702947,1.4702947,gen_crystal_ProtGPT2_55
-1.0522835,2.0522835,gen_crystal_ProtGPT2_56
-2.2780147,3.2780147,gen_crystal_ProtGPT2_57
-0.23169923,1.2316992,gen_crystal_ProtGPT2_58
-0.11600089,1.1160009,gen_crystal_ProtGPT2_59
-0.5461793,1.5461793,gen_crystal_ProtGPT2_60
-1.8382773,2.8382773,gen_crystal_ProtGPT2_61
-1.7407308,2.7407308,gen_crystal_ProtGPT2_62
0.75072753,0.24927247,gen_crystal_ProtGPT2_63
-2.7132049,3.7132049,gen_crystal_ProtGPT2_64
-1.948803,2.948803,gen_crystal_ProtGPT2_65
0.47603738,0.5239626,gen_crystal_ProtGPT2_66
0.6714603,0.32853976,gen_crystal_ProtGPT2_67
-3.3092914,4.3092914,gen_crystal_ProtGPT2_68
0.2517476,0.7482524,gen_crystal_ProtGPT2_69
0.5667039,0.43329605,gen_crystal_ProtGPT2_70
-0.24394596,1.243946,gen_crystal_ProtGPT2_71
-0.16068006,1.16068,gen_crystal_ProtGPT2_72
-2.5742867,3.5742867,gen_crystal_ProtGPT2_73
1.0096678,-0.009667744,gen_crystal_ProtGPT2_74
-2.9136398,3.9136398,gen_crystal_ProtGPT2_75
-2.6446888,3.6446888,gen_crystal_ProtGPT2_76
-1.4034002,2.4034002,gen_crystal_ProtGPT2_77
-2.1707764,3.1707764,gen_crystal_ProtGPT2_78
0.7192625,0.28073755,gen_crystal_ProtGPT2_79
1.5801024,-0.5801025,gen_crystal_ProtGPT2_80
0.04987216,0.95012784,gen_crystal_ProtGPT2_81
-1.0265422,2.0265422,gen_crystal_ProtGPT2_82
0.80610836,0.19389166,gen_crystal_ProtGPT2_83
-1.0724263,2.0724263,gen_crystal_ProtGPT2_84
-1.8459408,2.8459408,gen_crystal_ProtGPT2_85
-0.16037285,1.1603729,gen_crystal_ProtGPT2_86
0.28698313,0.71301687,gen_crystal_ProtGPT2_87
-1.8929288,2.8929288,gen_crystal_ProtGPT2_88
1.537233,-0.537233,gen_crystal_ProtGPT2_89
-1.7603638,2.7603638,gen_crystal_ProtGPT2_90
0.9935607,0.00643933,gen_crystal_ProtGPT2_91
0.5226388,0.47736117,gen_crystal_ProtGPT2_92
-0.20925725,1.2092572,gen_crystal_ProtGPT2_93
0.83874214,0.16125786,gen_crystal_ProtGPT2_94
1.1266425,-0.1266425,gen_crystal_ProtGPT2_95
-1.6568038,2.6568038,gen_crystal_ProtGPT2_96
-1.4034324,2.4034324,gen_crystal_ProtGPT2_97
-0.26992702,1.269927,gen_crystal_ProtGPT2_98
-2.5503159,3.5503159,gen_crystal_ProtGPT2_99
0.3987913,0.6012087,gen_crystal_ProtGPT2_100
0.7494713,0.25052866,gen_crystal_ProtGPT2_101
-0.8756598,1.8756598,gen_crystal_ProtGPT2_102
0.9530462,0.04695377,gen_crystal_ProtGPT2_103
-1.5494549,2.549455,gen_crystal_ProtGPT2_104
1.2127706,-0.21277063,gen_crystal_ProtGPT2_105
1.403583,-0.40358302,gen_crystal_ProtGPT2_106
-3.4199023,4.4199023,gen_crystal_ProtGPT2_107
-1.70404,2.70404,gen_crystal_ProtGPT2_108
-1.969609,2.969609,gen_crystal_ProtGPT2_109
0.25751823,0.74248177,gen_crystal_ProtGPT2_110
0.5956441,0.4043559,gen_crystal_ProtGPT2_111
0.8513075,0.14869247,gen_crystal_ProtGPT2_112
-0.4270457,1.4270457,gen_crystal_ProtGPT2_113
-1.6321366,2.6321366,gen_crystal_ProtGPT2_114
0.06594056,0.93405944,gen_crystal_ProtGPT2_115
-1.2225237,2.2225237,gen_crystal_ProtGPT2_116
0.51918215,0.48081785,gen_crystal_ProtGPT2_117
0.24605423,0.75394577,gen_crystal_ProtGPT2_118
0.9757411,0.02425891,gen_crystal_ProtGPT2_119
0.5345124,0.46548757,gen_crystal_ProtGPT2_120
-0.59941447,1.5994145,gen_crystal_ProtGPT2_121
0.40710217,0.59289783,gen_crystal_ProtGPT2_122
-1.8885696,2.8885696,gen_crystal_ProtGPT2_123
-1.914545,2.914545,gen_crystal_ProtGPT2_124
-0.12810886,1.1281089,gen_crystal_ProtGPT2_125
-2.303427,3.303427,gen_crystal_ProtGPT2_126
-2.8766575,3.8766575,gen_crystal_ProtGPT2_127
-1.6422017,2.6422017,gen_crystal_ProtGPT2_128
-0.86577654,1.8657765,gen_crystal_ProtGPT2_129
1.2034949,-0.20349488,gen_crystal_ProtGPT2_130
-0.16090047,1.1609005,gen_crystal_ProtGPT2_131
0.0443393,0.9556607,gen_crystal_ProtGPT2_132
0.64678943,0.35321057,gen_crystal_ProtGPT2_133
0.74960506,0.25039494,gen_crystal_ProtGPT2_134
-0.75324404,1.753244,gen_crystal_ProtGPT2_135
-0.40674865,1.4067487,gen_crystal_ProtGPT2_136
-0.7792375,1.7792375,gen_crystal_ProtGPT2_137
-1.7060409,2.7060409,gen_crystal_ProtGPT2_138
0.37947083,0.6205292,gen_crystal_ProtGPT2_139
0.4711842,0.5288158,gen_crystal_ProtGPT2_140
-1.8312359,2.831236,gen_crystal_ProtGPT2_141
-0.528311,1.528311,gen_crystal_ProtGPT2_142
0.1651994,0.8348006,gen_crystal_ProtGPT2_143
-2.1557117,3.1557117,gen_crystal_ProtGPT2_144
0.8429221,0.15707792,gen_crystal_ProtGPT2_145
-1.2602041,2.260204,gen_crystal_ProtGPT2_146
0.25147814,0.74852186,gen_crystal_ProtGPT2_147
-2.877923,3.877923,gen_crystal_ProtGPT2_148
1.0884947,-0.08849467,gen_crystal_ProtGPT2_149
-1.5795181,2.579518,gen_crystal_ProtGPT2_150
-1.8995068,2.8995068,gen_crystal_ProtGPT2_151
2.1042585,-1.1042585,gen_crystal_ProtGPT2_152
-3.3562455,4.3562455,gen_crystal_ProtGPT2_153
-1.2180073,2.2180073,gen_crystal_ProtGPT2_154
-3.1594315,4.1594315,gen_crystal_ProtGPT2_155
-2.2605495,3.2605495,gen_crystal_ProtGPT2_156
-1.6095128,2.6095128,gen_crystal_ProtGPT2_157
0.32924557,0.67075443,gen_crystal_ProtGPT2_158
-0.28241706,1.282417,gen_crystal_ProtGPT2_159
1.0566556,-0.056655593,gen_crystal_ProtGPT2_160
-1.4498065,2.4498065,gen_crystal_ProtGPT2_161
-0.47868717,1.4786872,gen_crystal_ProtGPT2_162
1.3041525,-0.30415243,gen_crystal_ProtGPT2_163
0.18949729,0.8105027,gen_crystal_ProtGPT2_164
0.8460273,0.1539727,gen_crystal_ProtGPT2_165
0.6795511,0.32044885,gen_crystal_ProtGPT2_166
-2.6710763,3.6710763,gen_crystal_ProtGPT2_167
0.17124069,0.8287593,gen_crystal_ProtGPT2_168
0.4910388,0.5089612,gen_crystal_ProtGPT2_169
0.49839693,0.50160307,gen_crystal_ProtGPT2_170
-2.6406713,3.6406713,gen_crystal_ProtGPT2_171
-3.0217571,4.021757,gen_crystal_ProtGPT2_172
0.108440995,0.891559,gen_crystal_ProtGPT2_173
-0.23123324,1.2312332,gen_crystal_ProtGPT2_174
0.34374917,0.65625083,gen_crystal_ProtGPT2_175
-1.500591,2.500591,gen_crystal_ProtGPT2_176
0.5748832,0.4251168,gen_crystal_ProtGPT2_177
1.3490537,-0.3490537,gen_crystal_ProtGPT2_178
0.44873458,0.5512654,gen_crystal_ProtGPT2_179
-1.9412942,2.9412942,gen_crystal_ProtGPT2_180
-2.7787933,3.7787933,gen_crystal_ProtGPT2_181
-0.18983376,1.1898338,gen_crystal_ProtGPT2_182
0.6954994,0.30450055,gen_crystal_ProtGPT2_183
-0.43249464,1.4324946,gen_crystal_ProtGPT2_184
0.3278889,0.6721111,gen_crystal_ProtGPT2_185
-1.6768057,2.6768057,gen_crystal_ProtGPT2_186
-0.7820277,1.7820277,gen_crystal_ProtGPT2_187
0.6942829,0.3057171,gen_crystal_ProtGPT2_188
0.39362425,0.60637575,gen_crystal_ProtGPT2_189
-2.830679,3.830679,gen_crystal_ProtGPT2_190
0.86183065,0.13816936,gen_crystal_ProtGPT2_191
-0.9587971,1.9587971,gen_crystal_ProtGPT2_192
0.22840875,0.77159125,gen_crystal_ProtGPT2_193
-1.8112185,2.8112185,gen_crystal_ProtGPT2_194
1.0055658,-0.0055658044,gen_crystal_ProtGPT2_195
-2.4141414,3.4141414,gen_crystal_ProtGPT2_196
0.4448344,0.5551656,gen_crystal_ProtGPT2_197
0.17382276,0.82617724,gen_crystal_ProtGPT2_198
0.49591762,0.5040824,gen_crystal_ProtGPT2_199
0.537154,0.46284598,gen_crystal_ProtGPT2_200
-0.6460726,1.6460726,gen_crystal_ProtGPT2_201
-2.6282196,3.6282196,gen_crystal_ProtGPT2_202
0.533826,0.46617404,gen_crystal_ProtGPT2_203
0.19121212,0.8087879,gen_crystal_ProtGPT2_204
-0.11965859,1.1196586,gen_crystal_ProtGPT2_205
-1.7256613,2.7256613,gen_crystal_ProtGPT2_206
-0.7399999,1.7399999,gen_crystal_ProtGPT2_207
-3.052679,4.052679,gen_crystal_ProtGPT2_208
0.035367846,0.96463215,gen_crystal_ProtGPT2_209
-2.4287498,3.4287498,gen_crystal_ProtGPT2_210
-1.9283946,2.9283946,gen_crystal_ProtGPT2_211
-0.42678952,1.4267895,gen_crystal_ProtGPT2_212
0.9319507,0.068049334,gen_crystal_ProtGPT2_213
-0.52908933,1.5290893,gen_crystal_ProtGPT2_214
-2.1949313,3.1949313,gen_crystal_ProtGPT2_215
-0.16121626,1.1612163,gen_crystal_ProtGPT2_216
-0.4862113,1.4862113,gen_crystal_ProtGPT2_217
-2.7670977,3.7670977,gen_crystal_ProtGPT2_218
0.69288063,0.3071194,gen_crystal_ProtGPT2_219
1.2561178,-0.25611788,gen_crystal_ProtGPT2_220
0.40846705,0.59153295,gen_crystal_ProtGPT2_221
-2.8430266,3.8430266,gen_crystal_ProtGPT2_222
-1.6831305,2.6831305,gen_crystal_ProtGPT2_223
0.46756577,0.5324342,gen_crystal_ProtGPT2_224
-1.7848134,2.7848134,gen_crystal_ProtGPT2_225
-3.419032,4.419032,gen_crystal_ProtGPT2_226
0.24864936,0.75135064,gen_crystal_ProtGPT2_227
-3.2447543,4.2447543,gen_crystal_ProtGPT2_228
-3.2902489,4.290249,gen_crystal_ProtGPT2_229
-0.33217084,1.3321708,gen_crystal_ProtGPT2_230
-0.5815258,1.5815258,gen_crystal_ProtGPT2_231
0.6962158,0.3037842,gen_crystal_ProtGPT2_232
-1.02718,2.02718,gen_crystal_ProtGPT2_233
-0.6385586,1.6385586,gen_crystal_ProtGPT2_234
-0.48174703,1.481747,gen_crystal_ProtGPT2_235
-0.33475137,1.3347514,gen_crystal_ProtGPT2_236
-0.35730064,1.3573006,gen_crystal_ProtGPT2_237
0.51032126,0.48967874,gen_crystal_ProtGPT2_238
0.6098777,0.3901223,gen_crystal_ProtGPT2_239
-0.343045,1.343045,gen_crystal_ProtGPT2_240
-0.67024004,1.67024,gen_crystal_ProtGPT2_241
0.51774347,0.48225656,gen_crystal_ProtGPT2_242
0.50447714,0.4955229,gen_crystal_ProtGPT2_243
0.24228138,0.7577186,gen_crystal_ProtGPT2_244
-0.20855093,1.2085509,gen_crystal_ProtGPT2_245
-0.6441312,1.6441312,gen_crystal_ProtGPT2_246
0.45019513,0.54980487,gen_crystal_ProtGPT2_247
0.016842365,0.98315763,gen_crystal_ProtGPT2_248
1.0396461,-0.039646123,gen_crystal_ProtGPT2_249
0.24597818,0.7540218,gen_crystal_ProtGPT2_250
-2.6207662,3.6207662,gen_crystal_ProtGPT2_251
-2.3642159,3.3642159,gen_crystal_ProtGPT2_252
0.6286516,0.37134835,gen_crystal_ProtGPT2_253
-0.19230783,1.1923078,gen_crystal_ProtGPT2_254
0.93848366,0.06151632,gen_crystal_ProtGPT2_255
-1.2725017,2.2725017,gen_crystal_ProtGPT2_256
-0.4769696,1.4769696,gen_crystal_ProtGPT2_257
-0.8853369,1.8853369,gen_crystal_ProtGPT2_258
-1.9038014,2.9038014,gen_crystal_ProtGPT2_259
1.4560261,-0.45602608,gen_crystal_ProtGPT2_260
0.6337178,0.36628225,gen_crystal_ProtGPT2_261
0.7298498,0.27015018,gen_crystal_ProtGPT2_262
0.07701862,0.9229814,gen_crystal_ProtGPT2_263
-1.1885009,2.188501,gen_crystal_ProtGPT2_264
0.6102854,0.38971463,gen_crystal_ProtGPT2_265
-0.08949077,1.0894908,gen_crystal_ProtGPT2_266
-0.5143578,1.5143578,gen_crystal_ProtGPT2_267
0.080526054,0.91947395,gen_crystal_ProtGPT2_268
-1.9973347,2.9973347,gen_crystal_ProtGPT2_269
0.79505,0.20494995,gen_crystal_ProtGPT2_270
-0.95423806,1.954238,gen_crystal_ProtGPT2_271
0.3714804,0.6285196,gen_crystal_ProtGPT2_272
0.354811,0.645189,gen_crystal_ProtGPT2_273
-2.6927981,3.6927981,gen_crystal_ProtGPT2_274
0.1571899,0.8428101,gen_crystal_ProtGPT2_275
-0.70898175,1.7089818,gen_crystal_ProtGPT2_276
-2.786566,3.786566,gen_crystal_ProtGPT2_277
0.18236935,0.81763065,gen_crystal_ProtGPT2_278
-0.05848217,1.0584822,gen_crystal_ProtGPT2_279
0.39515138,0.6048486,gen_crystal_ProtGPT2_280
-0.8164892,1.8164892,gen_crystal_ProtGPT2_281
0.10260373,0.89739627,gen_crystal_ProtGPT2_282
0.32712877,0.67287123,gen_crystal_ProtGPT2_283
0.8562788,0.14372122,gen_crystal_ProtGPT2_284
0.5506042,0.44939575,gen_crystal_ProtGPT2_285
-3.2790956,4.2790956,gen_crystal_ProtGPT2_286
0.5023658,0.4976342,gen_crystal_ProtGPT2_287
-1.0467999,2.0468,gen_crystal_ProtGPT2_288
-0.11619818,1.1161982,gen_crystal_ProtGPT2_289
0.24053383,0.7594662,gen_crystal_ProtGPT2_290
-0.6764754,1.6764754,gen_crystal_ProtGPT2_291
0.23727834,0.76272166,gen_crystal_ProtGPT2_292
-1.106771,2.106771,gen_crystal_ProtGPT2_293
-2.9479706,3.9479706,gen_crystal_ProtGPT2_294
-1.9580591,2.958059,gen_crystal_ProtGPT2_295
-0.41731918,1.4173192,gen_crystal_ProtGPT2_296
-0.052129745,1.0521297,gen_crystal_ProtGPT2_297
0.86256504,0.13743493,gen_crystal_ProtGPT2_298
-1.4973011,2.497301,gen_crystal_ProtGPT2_299
1.724271,-0.72427106,gen_crystal_ProtGPT2_300
-2.930532,3.930532,gen_crystal_ProtGPT2_301
-0.09216547,1.0921655,gen_crystal_ProtGPT2_302
1.1529717,-0.15297171,gen_crystal_ProtGPT2_303
-0.33840287,1.3384029,gen_crystal_ProtGPT2_304
0.3308403,0.6691597,gen_crystal_ProtGPT2_305
-3.0228286,4.0228286,gen_crystal_ProtGPT2_306
0.3316052,0.6683948,gen_crystal_ProtGPT2_307
-0.4511186,1.4511186,gen_crystal_ProtGPT2_308
-0.24943972,1.2494397,gen_crystal_ProtGPT2_309
0.5844772,0.41552284,gen_crystal_ProtGPT2_310
-2.1279685,3.1279685,gen_crystal_ProtGPT2_311
0.5585816,0.44141844,gen_crystal_ProtGPT2_312
0.6697662,0.3302338,gen_crystal_ProtGPT2_313
-0.044047356,1.0440474,gen_crystal_ProtGPT2_314
0.28707922,0.7129208,gen_crystal_ProtGPT2_315
-0.34770906,1.3477091,gen_crystal_ProtGPT2_316
-1.6088371,2.6088371,gen_crystal_ProtGPT2_317
-3.036974,4.036974,gen_crystal_ProtGPT2_318
1.0178795,-0.017879508,gen_crystal_ProtGPT2_319
0.30485588,0.6951441,gen_crystal_ProtGPT2_320
-1.7862134,2.7862134,gen_crystal_ProtGPT2_321
-1.3606119,2.360612,gen_crystal_ProtGPT2_322
-0.30044675,1.3004467,gen_crystal_ProtGPT2_323
0.64013696,0.359863,gen_crystal_ProtGPT2_324
1.0470953,-0.047095295,gen_crystal_ProtGPT2_325
0.6593942,0.3406058,gen_crystal_ProtGPT2_326
-0.3303926,1.3303926,gen_crystal_ProtGPT2_327
-1.5916498,2.5916498,gen_crystal_ProtGPT2_328
-0.91828203,1.918282,gen_crystal_ProtGPT2_329
-2.0435812,3.0435812,gen_crystal_ProtGPT2_330
-2.9327857,3.9327857,gen_crystal_ProtGPT2_331
1.1224784,-0.12247841,gen_crystal_ProtGPT2_332
-2.3472903,3.3472903,gen_crystal_ProtGPT2_333
-2.9638915,3.9638915,gen_crystal_ProtGPT2_334
0.7438289,0.2561711,gen_crystal_ProtGPT2_335
0.17975724,0.82024276,gen_crystal_ProtGPT2_336
-3.7590532,4.759053,gen_crystal_ProtGPT2_337
-1.1371825,2.1371825,gen_crystal_ProtGPT2_338
-2.8224745,3.8224745,gen_crystal_ProtGPT2_339
1.044513,-0.044512954,gen_crystal_ProtGPT2_340
-1.5183101,2.51831,gen_crystal_ProtGPT2_341
-1.7241986,2.7241986,gen_crystal_ProtGPT2_342
-2.3501678,3.3501678,gen_crystal_ProtGPT2_343
-1.2103956,2.2103956,gen_crystal_ProtGPT2_344
-2.4507027,3.4507027,gen_crystal_ProtGPT2_345
0.8088261,0.19117388,gen_crystal_ProtGPT2_346
0.5898609,0.41013905,gen_crystal_ProtGPT2_347
0.61426544,0.3857346,gen_crystal_ProtGPT2_348
0.9187875,0.08121255,gen_crystal_ProtGPT2_349
-1.7965801,2.79658,gen_crystal_ProtGPT2_350
0.6259011,0.3740989,gen_crystal_ProtGPT2_351
-0.59193623,1.5919362,gen_crystal_ProtGPT2_352
-0.9493618,1.9493618,gen_crystal_ProtGPT2_353
-0.6952821,1.6952821,gen_crystal_ProtGPT2_354
2.2496195,-1.2496195,gen_crystal_ProtGPT2_355
-2.3679974,3.3679974,gen_crystal_ProtGPT2_356
0.33582312,0.6641769,gen_crystal_ProtGPT2_357
-1.5071712,2.5071712,gen_crystal_ProtGPT2_358
0.5337247,0.46627527,gen_crystal_ProtGPT2_359
0.046899974,0.9531,gen_crystal_ProtGPT2_360
-3.2430062,4.243006,gen_crystal_ProtGPT2_361
0.34223932,0.6577607,gen_crystal_ProtGPT2_362
-0.64820397,1.648204,gen_crystal_ProtGPT2_363
1.2408358,-0.24083579,gen_crystal_ProtGPT2_364
-1.6911621,2.691162,gen_crystal_ProtGPT2_365
1.1816797,-0.18167977,gen_crystal_ProtGPT2_366
-2.7700486,3.7700486,gen_crystal_ProtGPT2_367
0.29513657,0.7048634,gen_crystal_ProtGPT2_368
-0.15533054,1.1553305,gen_crystal_ProtGPT2_369
-0.27721143,1.2772114,gen_crystal_ProtGPT2_370
-2.2349849,3.2349849,gen_crystal_ProtGPT2_371
0.38783628,0.6121637,gen_crystal_ProtGPT2_372
-1.2958269,2.295827,gen_crystal_ProtGPT2_373
-0.124598145,1.1245981,gen_crystal_ProtGPT2_374
0.40688485,0.59311515,gen_crystal_ProtGPT2_375
-2.1461728,3.1461728,gen_crystal_ProtGPT2_376
-0.11584878,1.1158488,gen_crystal_ProtGPT2_377
-0.45159388,1.4515939,gen_crystal_ProtGPT2_378
-1.4334929,2.433493,gen_crystal_ProtGPT2_379
-1.1508844,2.1508844,gen_crystal_ProtGPT2_380
-1.0932858,2.0932858,gen_crystal_ProtGPT2_381
-3.0103807,4.0103807,gen_crystal_ProtGPT2_382
-0.14702511,1.1470251,gen_crystal_ProtGPT2_383
-2.7230232,3.7230232,gen_crystal_ProtGPT2_384
-0.5515014,1.5515014,gen_crystal_ProtGPT2_385
0.17131847,0.8286815,gen_crystal_ProtGPT2_386
-0.3816471,1.3816471,gen_crystal_ProtGPT2_387
-1.1719468,2.1719468,gen_crystal_ProtGPT2_388
-1.0142725,2.0142725,gen_crystal_ProtGPT2_389
0.53115886,0.46884114,gen_crystal_ProtGPT2_390
-2.7272744,3.7272744,gen_crystal_ProtGPT2_391
-2.5867918,3.5867918,gen_crystal_ProtGPT2_392
-0.06864488,1.0686449,gen_crystal_ProtGPT2_393
-0.33784664,1.3378466,gen_crystal_ProtGPT2_394
0.22476315,0.77523685,gen_crystal_ProtGPT2_395
-1.1526928,2.1526928,gen_crystal_ProtGPT2_396
-0.6927811,1.6927811,gen_crystal_ProtGPT2_397
-1.0761869,2.076187,gen_crystal_ProtGPT2_398
-0.9834938,1.9834938,gen_crystal_ProtGPT2_399
-2.9920483,3.9920483,gen_crystal_ProtGPT2_400
-0.21250832,1.2125083,gen_crystal_ProtGPT2_401
1.7786169,-0.77861685,gen_crystal_ProtGPT2_402
-2.0565088,3.0565088,gen_crystal_ProtGPT2_403
-1.0198851,2.019885,gen_crystal_ProtGPT2_404
-1.67014,2.67014,gen_crystal_ProtGPT2_405
-2.7489045,3.7489045,gen_crystal_ProtGPT2_406
0.261078,0.738922,gen_crystal_ProtGPT2_407
0.45465857,0.54534143,gen_crystal_ProtGPT2_408
0.17295426,0.82704574,gen_crystal_ProtGPT2_409
-1.2328372,2.2328372,gen_crystal_ProtGPT2_410
-1.716265,2.716265,gen_crystal_ProtGPT2_411
-0.53077924,1.5307792,gen_crystal_ProtGPT2_412
-1.2190099,2.2190099,gen_crystal_ProtGPT2_413
-1.5881033,2.5881033,gen_crystal_ProtGPT2_414
-0.07312071,1.0731207,gen_crystal_ProtGPT2_415
0.06854981,0.9314502,gen_crystal_ProtGPT2_416
1.155526,-0.155526,gen_crystal_ProtGPT2_417
-0.23115933,1.2311593,gen_crystal_ProtGPT2_418
-1.4386964,2.4386964,gen_crystal_ProtGPT2_419
0.17039555,0.82960445,gen_crystal_ProtGPT2_420
0.4074388,0.5925612,gen_crystal_ProtGPT2_421
-2.1995454,3.1995454,gen_crystal_ProtGPT2_422
0.3101688,0.6898312,gen_crystal_ProtGPT2_423
-1.8329163,2.8329163,gen_crystal_ProtGPT2_424
0.032149196,0.9678508,gen_crystal_ProtGPT2_425
1.2590021,-0.25900212,gen_crystal_ProtGPT2_426
-2.17694,3.17694,gen_crystal_ProtGPT2_427
0.6267967,0.37320325,gen_crystal_ProtGPT2_428
-1.9336321,2.9336321,gen_crystal_ProtGPT2_429
0.7756527,0.22434731,gen_crystal_ProtGPT2_430
0.38652563,0.61347437,gen_crystal_ProtGPT2_431
-0.9188937,1.9188937,gen_crystal_ProtGPT2_432
0.3429563,0.6570437,gen_crystal_ProtGPT2_433
0.2394805,0.7605195,gen_crystal_ProtGPT2_434
-3.3856654,4.3856654,gen_crystal_ProtGPT2_435
-1.0619962,2.0619962,gen_crystal_ProtGPT2_436
-2.5179586,3.5179586,gen_crystal_ProtGPT2_437
-1.9836438,2.9836438,gen_crystal_ProtGPT2_438
0.029506803,0.9704932,gen_crystal_ProtGPT2_439
0.43801248,0.5619875,gen_crystal_ProtGPT2_440
1.045555,-0.045555044,gen_crystal_ProtGPT2_441
1.0647265,-0.06472649,gen_crystal_ProtGPT2_442
-2.9066782,3.9066782,gen_crystal_ProtGPT2_443
1.4281138,-0.4281138,gen_crystal_ProtGPT2_444
0.4483068,0.5516932,gen_crystal_ProtGPT2_445
-0.079681635,1.0796816,gen_crystal_ProtGPT2_446
-1.1854906,2.1854906,gen_crystal_ProtGPT2_447
-0.41152656,1.4115266,gen_crystal_ProtGPT2_448
0.84994936,0.15005066,gen_crystal_ProtGPT2_449
0.42489457,0.5751054,gen_crystal_ProtGPT2_450
-1.2524104,2.2524104,gen_crystal_ProtGPT2_451
0.57683,0.42316997,gen_crystal_ProtGPT2_452
-3.348713,4.348713,gen_crystal_ProtGPT2_453
-0.41381955,1.4138196,gen_crystal_ProtGPT2_454
-0.8704603,1.8704603,gen_crystal_ProtGPT2_455
0.71255827,0.28744176,gen_crystal_ProtGPT2_456
1.6355078,-0.6355078,gen_crystal_ProtGPT2_457
-2.7412374,3.7412374,gen_crystal_ProtGPT2_458
-3.3773084,4.3773084,gen_crystal_ProtGPT2_459
-2.6878564,3.6878564,gen_crystal_ProtGPT2_460
-2.9437184,3.9437184,gen_crystal_ProtGPT2_461
-0.8744103,1.8744103,gen_crystal_ProtGPT2_462
-1.7417564,2.7417564,gen_crystal_ProtGPT2_463
0.10079175,0.89920825,gen_crystal_ProtGPT2_464
1.9608372,-0.96083724,gen_crystal_ProtGPT2_465
-0.47750783,1.4775078,gen_crystal_ProtGPT2_466
0.20282394,0.79717606,gen_crystal_ProtGPT2_467
0.35194278,0.6480572,gen_crystal_ProtGPT2_468
0.5454954,0.45450458,gen_crystal_ProtGPT2_469
0.2807272,0.7192728,gen_crystal_ProtGPT2_470
0.25599235,0.74400765,gen_crystal_ProtGPT2_471
-0.8936887,1.8936887,gen_crystal_ProtGPT2_472
0.65329236,0.34670764,gen_crystal_ProtGPT2_473
-2.8774583,3.8774583,gen_crystal_ProtGPT2_474
1.1606016,-0.16060156,gen_crystal_ProtGPT2_475
0.6971148,0.30288517,gen_crystal_ProtGPT2_476
-0.3356377,1.3356377,gen_crystal_ProtGPT2_477
0.33376378,0.6662362,gen_crystal_ProtGPT2_478
0.5367821,0.4632179,gen_crystal_ProtGPT2_479
-1.6351371,2.635137,gen_crystal_ProtGPT2_480
-0.93772066,1.9377207,gen_crystal_ProtGPT2_481
-0.17200875,1.1720088,gen_crystal_ProtGPT2_482
-0.06474209,1.0647421,gen_crystal_ProtGPT2_483
0.7928178,0.20718221,gen_crystal_ProtGPT2_484
-0.076182485,1.0761825,gen_crystal_ProtGPT2_485
-0.83421385,1.8342139,gen_crystal_ProtGPT2_486
-1.7588661,2.758866,gen_crystal_ProtGPT2_487
0.32456923,0.6754308,gen_crystal_ProtGPT2_488
-0.9860567,1.9860567,gen_crystal_ProtGPT2_489
-1.1998131,2.1998131,gen_crystal_ProtGPT2_490
-0.20025885,1.2002589,gen_crystal_ProtGPT2_491
1.541033,-0.54103297,gen_crystal_ProtGPT2_492
-0.7016951,1.7016951,gen_crystal_ProtGPT2_493
0.38143957,0.61856043,gen_crystal_ProtGPT2_494
0.9695607,0.0304393,gen_crystal_ProtGPT2_495
-2.6665957,3.6665957,gen_crystal_ProtGPT2_496
-2.8160584,3.8160584,gen_crystal_ProtGPT2_497
-2.2206578,3.2206578,gen_crystal_ProtGPT2_498
-0.38332677,1.3833268,gen_crystal_ProtGPT2_499
0.6903975,0.30960253,gen_crystal_ProtGPT2_500
-1.0411272,2.0411272,gen_crystal_ProtGPT2_501
-2.019945,3.019945,gen_crystal_ProtGPT2_502
-0.5801858,1.5801858,gen_crystal_ProtGPT2_503
-0.019471526,1.0194715,gen_crystal_ProtGPT2_504
-2.8595107,3.8595107,gen_crystal_ProtGPT2_505
-2.7581718,3.7581718,gen_crystal_ProtGPT2_506
-2.226343,3.226343,gen_crystal_ProtGPT2_507
-0.9221859,1.9221859,gen_crystal_ProtGPT2_508
-1.574769,2.574769,gen_crystal_ProtGPT2_509
-1.692385,2.692385,gen_crystal_ProtGPT2_510
-0.054189324,1.0541893,gen_crystal_ProtGPT2_511
-1.0170448,2.0170448,gen_crystal_ProtGPT2_512
-0.9830766,1.9830766,gen_crystal_ProtGPT2_513
0.47274464,0.52725536,gen_crystal_ProtGPT2_514
-0.5579556,1.5579556,gen_crystal_ProtGPT2_515
-1.6307964,2.6307964,gen_crystal_ProtGPT2_516
-2.01927,3.01927,gen_crystal_ProtGPT2_517
0.46314692,0.5368531,gen_crystal_ProtGPT2_518
-2.0196183,3.0196183,gen_crystal_ProtGPT2_519
-0.6176313,1.6176313,gen_crystal_ProtGPT2_520
0.38471085,0.61528915,gen_crystal_ProtGPT2_521
-2.561034,3.561034,gen_crystal_ProtGPT2_522
-0.48054063,1.4805406,gen_crystal_ProtGPT2_523
-0.020951033,1.020951,gen_crystal_ProtGPT2_524
-0.7775729,1.7775729,gen_crystal_ProtGPT2_525
-1.2039199,2.20392,gen_crystal_ProtGPT2_526
0.5097629,0.4902371,gen_crystal_ProtGPT2_527
-0.6583307,1.6583307,gen_crystal_ProtGPT2_528
-0.46533608,1.4653361,gen_crystal_ProtGPT2_529
0.63622063,0.36377937,gen_crystal_ProtGPT2_530
-0.82081103,1.820811,gen_crystal_ProtGPT2_531
-1.2877262,2.2877262,gen_crystal_ProtGPT2_532
-2.9928076,3.9928076,gen_crystal_ProtGPT2_533
-2.2068493,3.2068493,gen_crystal_ProtGPT2_534
-0.32528567,1.3252857,gen_crystal_ProtGPT2_535
-0.53220975,1.5322098,gen_crystal_ProtGPT2_536
-1.7337646,2.7337646,gen_crystal_ProtGPT2_537
-2.09875,3.09875,gen_crystal_ProtGPT2_538
0.6318915,0.36810848,gen_crystal_ProtGPT2_539
-3.9110532,4.911053,gen_crystal_ProtGPT2_540
0.7629584,0.23704161,gen_crystal_ProtGPT2_541
-1.2168634,2.2168634,gen_crystal_ProtGPT2_542
0.8359927,0.1640073,gen_crystal_ProtGPT2_543
0.24099481,0.7590052,gen_crystal_ProtGPT2_544
0.59339166,0.40660834,gen_crystal_ProtGPT2_545
-0.060546875,1.0605469,gen_crystal_ProtGPT2_546
-1.2015476,2.2015476,gen_crystal_ProtGPT2_547
0.4295457,0.5704543,gen_crystal_ProtGPT2_548
-2.879925,3.879925,gen_crystal_ProtGPT2_549
-1.5030706,2.5030706,gen_crystal_ProtGPT2_550
-1.3329108,2.3329108,gen_crystal_ProtGPT2_551
0.5520328,0.4479672,gen_crystal_ProtGPT2_552
0.76531434,0.23468563,gen_crystal_ProtGPT2_553
0.85735834,0.14264165,gen_crystal_ProtGPT2_554
0.7883105,0.21168944,gen_crystal_ProtGPT2_555
0.038072348,0.96192765,gen_crystal_ProtGPT2_556
-1.962115,2.962115,gen_crystal_ProtGPT2_557
-2.183149,3.183149,gen_crystal_ProtGPT2_558
-3.274901,4.274901,gen_crystal_ProtGPT2_559
0.3542397,0.6457603,gen_crystal_ProtGPT2_560
0.35808688,0.6419131,gen_crystal_ProtGPT2_561
-2.808769,3.808769,gen_crystal_ProtGPT2_562
-1.3739793,2.3739793,gen_crystal_ProtGPT2_563
-0.5395131,1.5395131,gen_crystal_ProtGPT2_564
0.964773,0.035227023,gen_crystal_ProtGPT2_565
1.1116089,-0.11160884,gen_crystal_ProtGPT2_566
-0.06422365,1.0642236,gen_crystal_ProtGPT2_567
-1.5630698,2.5630698,gen_crystal_ProtGPT2_568
1.1504306,-0.1504306,gen_crystal_ProtGPT2_569
-1.5898006,2.5898006,gen_crystal_ProtGPT2_570
-1.1312592,2.1312592,gen_crystal_ProtGPT2_571
-2.1548185,3.1548185,gen_crystal_ProtGPT2_572
-1.8677127,2.8677127,gen_crystal_ProtGPT2_573
-1.2004936,2.2004936,gen_crystal_ProtGPT2_574
0.80249584,0.19750415,gen_crystal_ProtGPT2_575
0.374843,0.625157,gen_crystal_ProtGPT2_576
-2.4256916,3.4256916,gen_crystal_ProtGPT2_577
-1.9633653,2.9633653,gen_crystal_ProtGPT2_578
0.3725229,0.6274771,gen_crystal_ProtGPT2_579
-2.7409325,3.7409325,gen_crystal_ProtGPT2_580
-0.45660162,1.4566016,gen_crystal_ProtGPT2_581
-2.2950473,3.2950473,gen_crystal_ProtGPT2_582
0.23006159,0.7699384,gen_crystal_ProtGPT2_583
-2.430139,3.430139,gen_crystal_ProtGPT2_584
-2.8873527,3.8873527,gen_crystal_ProtGPT2_585
1.8787448,-0.8787448,gen_crystal_ProtGPT2_586
-1.7003005,2.7003005,gen_crystal_ProtGPT2_587
1.3767045,-0.37670445,gen_crystal_ProtGPT2_588
0.6214343,0.37856573,gen_crystal_ProtGPT2_589
0.36062175,0.63937825,gen_crystal_ProtGPT2_590
-2.700779,3.700779,gen_crystal_ProtGPT2_591
-1.6090176,2.6090176,gen_crystal_ProtGPT2_592
0.3128217,0.6871783,gen_crystal_ProtGPT2_593
-3.000043,4.000043,gen_crystal_ProtGPT2_594
-1.4697242,2.4697242,gen_crystal_ProtGPT2_595
0.46441996,0.53558004,gen_crystal_ProtGPT2_596
-0.82006264,1.8200626,gen_crystal_ProtGPT2_597
-0.02205038,1.0220504,gen_crystal_ProtGPT2_598
-2.6636543,3.6636543,gen_crystal_ProtGPT2_599
0.42226094,0.57773906,gen_crystal_ProtGPT2_600
-1.0483983,2.0483983,gen_crystal_ProtGPT2_601
-2.771159,3.771159,gen_crystal_ProtGPT2_602
-0.4706899,1.4706899,gen_crystal_ProtGPT2_603
-0.6619104,1.6619104,gen_crystal_ProtGPT2_604
0.5777203,0.42227975,gen_crystal_ProtGPT2_605
0.5079809,0.49201912,gen_crystal_ProtGPT2_606
0.034840465,0.96515954,gen_crystal_ProtGPT2_607
-0.14965141,1.1496514,gen_crystal_ProtGPT2_608
-0.016041279,1.0160413,gen_crystal_ProtGPT2_609
0.29150105,0.70849895,gen_crystal_ProtGPT2_610
-0.7882674,1.7882674,gen_crystal_ProtGPT2_611
-0.44875002,1.44875,gen_crystal_ProtGPT2_612
1.1119193,-0.1119193,gen_crystal_ProtGPT2_613
-0.36091053,1.3609105,gen_crystal_ProtGPT2_614
0.66516405,0.33483595,gen_crystal_ProtGPT2_615
-0.5404297,1.5404297,gen_crystal_ProtGPT2_616
-1.2505035,2.2505035,gen_crystal_ProtGPT2_617
-1.0730331,2.073033,gen_crystal_ProtGPT2_618
1.8691248,-0.86912477,gen_crystal_ProtGPT2_619
-1.1426821,2.142682,gen_crystal_ProtGPT2_620
-3.0068607,4.0068607,gen_crystal_ProtGPT2_621
-0.55787563,1.5578756,gen_crystal_ProtGPT2_622
-0.1625253,1.1625253,gen_crystal_ProtGPT2_623
0.6058302,0.39416984,gen_crystal_ProtGPT2_624
-1.9479349,2.9479349,gen_crystal_ProtGPT2_625
-1.5298786,2.5298786,gen_crystal_ProtGPT2_626
-0.29481077,1.2948108,gen_crystal_ProtGPT2_627
-2.3649564,3.3649564,gen_crystal_ProtGPT2_628
0.24902445,0.75097555,gen_crystal_ProtGPT2_629
0.46162695,0.53837305,gen_crystal_ProtGPT2_630
-0.21102405,1.211024,gen_crystal_ProtGPT2_631
-0.09689379,1.0968938,gen_crystal_ProtGPT2_632
1.7538781,-0.75387806,gen_crystal_ProtGPT2_633
0.98120326,0.01879673,gen_crystal_ProtGPT2_634
-0.009306073,1.0093061,gen_crystal_ProtGPT2_635
-0.01296258,1.0129626,gen_crystal_ProtGPT2_636
0.59140193,0.4085981,gen_crystal_ProtGPT2_637
-0.021961689,1.0219617,gen_crystal_ProtGPT2_638
0.5361447,0.46385533,gen_crystal_ProtGPT2_639
-0.37935698,1.379357,gen_crystal_ProtGPT2_640
-2.3715277,3.3715277,gen_crystal_ProtGPT2_641
0.455891,0.544109,gen_crystal_ProtGPT2_642
0.174335,0.825665,gen_crystal_ProtGPT2_643
-0.33013272,1.3301327,gen_crystal_ProtGPT2_644
0.09872812,0.9012719,gen_crystal_ProtGPT2_645
-1.5946722,2.5946722,gen_crystal_ProtGPT2_646
0.8104804,0.18951958,gen_crystal_ProtGPT2_647
-2.8459823,3.8459823,gen_crystal_ProtGPT2_648
0.8923851,0.107614875,gen_crystal_ProtGPT2_649
-1.7215691,2.721569,gen_crystal_ProtGPT2_650
0.9404867,0.05951329,gen_crystal_ProtGPT2_651
1.2945547,-0.29455477,gen_crystal_ProtGPT2_652
0.49892414,0.50107586,gen_crystal_ProtGPT2_653
0.37296826,0.62703174,gen_crystal_ProtGPT2_654
-0.5210204,1.5210204,gen_crystal_ProtGPT2_655
-2.4694948,3.4694948,gen_crystal_ProtGPT2_656
-1.3182936,2.3182936,gen_crystal_ProtGPT2_657
1.2758005,-0.27580053,gen_crystal_ProtGPT2_658
1.3562512,-0.3562513,gen_crystal_ProtGPT2_659
0.82602113,0.17397885,gen_crystal_ProtGPT2_660
-0.46901095,1.469011,gen_crystal_ProtGPT2_661
0.23505336,0.76494664,gen_crystal_ProtGPT2_662
0.57631993,0.42368007,gen_crystal_ProtGPT2_663
0.5803747,0.41962528,gen_crystal_ProtGPT2_664
0.3095073,0.6904927,gen_crystal_ProtGPT2_665
1.4740889,-0.4740889,gen_crystal_ProtGPT2_666
0.6571152,0.3428848,gen_crystal_ProtGPT2_667
-1.5562747,2.5562747,gen_crystal_ProtGPT2_668
-1.9000878,2.9000878,gen_crystal_ProtGPT2_669
-1.5389736,2.5389736,gen_crystal_ProtGPT2_670
0.005167246,0.99483275,gen_crystal_ProtGPT2_671
0.7939631,0.20603691,gen_crystal_ProtGPT2_672
0.83428323,0.1657168,gen_crystal_ProtGPT2_673
-1.060575,2.060575,gen_crystal_ProtGPT2_674
-0.14702511,1.1470251,gen_crystal_ProtGPT2_675
0.113452554,0.88654745,gen_crystal_ProtGPT2_676
0.36173904,0.63826096,gen_crystal_ProtGPT2_677
0.7354479,0.26455212,gen_crystal_ProtGPT2_678
0.42323685,0.57676315,gen_crystal_ProtGPT2_679
0.61329734,0.38670266,gen_crystal_ProtGPT2_680
-1.5602775,2.5602775,gen_crystal_ProtGPT2_681
-0.41735172,1.4173517,gen_crystal_ProtGPT2_682
-0.32962108,1.3296211,gen_crystal_ProtGPT2_683
-0.9535152,1.9535152,gen_crystal_ProtGPT2_684
-2.885293,3.885293,gen_crystal_ProtGPT2_685
-2.412733,3.412733,gen_crystal_ProtGPT2_686
-0.30655324,1.3065532,gen_crystal_ProtGPT2_687
0.43410212,0.5658979,gen_crystal_ProtGPT2_688
1.9721864,-0.97218645,gen_crystal_ProtGPT2_689
0.43414664,0.56585336,gen_crystal_ProtGPT2_690
0.6863904,0.3136096,gen_crystal_ProtGPT2_691
-1.9731162,2.9731162,gen_crystal_ProtGPT2_692
-0.017688155,1.0176882,gen_crystal_ProtGPT2_693
-1.0828216,2.0828216,gen_crystal_ProtGPT2_694
-0.62547195,1.625472,gen_crystal_ProtGPT2_695
-2.2254903,3.2254903,gen_crystal_ProtGPT2_696
-1.2451625,2.2451625,gen_crystal_ProtGPT2_697
0.6051745,0.39482552,gen_crystal_ProtGPT2_698
-0.46664453,1.4666445,gen_crystal_ProtGPT2_699
-0.23156464,1.2315646,gen_crystal_ProtGPT2_700
-3.0621276,4.0621276,gen_crystal_ProtGPT2_701
-1.4957318,2.4957318,gen_crystal_ProtGPT2_702
0.16150898,0.838491,gen_crystal_ProtGPT2_703
-0.7797036,1.7797036,gen_crystal_ProtGPT2_704
-1.7820964,2.7820964,gen_crystal_ProtGPT2_705
-2.014028,3.014028,gen_crystal_ProtGPT2_706
1.2998569,-0.29985687,gen_crystal_ProtGPT2_707
-0.75288653,1.7528865,gen_crystal_ProtGPT2_708
0.73104715,0.26895285,gen_crystal_ProtGPT2_709
-1.5769603,2.5769603,gen_crystal_ProtGPT2_710
-1.9979956,2.9979956,gen_crystal_ProtGPT2_711
-0.70817256,1.7081726,gen_crystal_ProtGPT2_712
0.3676225,0.6323775,gen_crystal_ProtGPT2_713
0.41264594,0.58735406,gen_crystal_ProtGPT2_714
-0.004912734,1.0049127,gen_crystal_ProtGPT2_715
0.23057312,0.7694269,gen_crystal_ProtGPT2_716
-0.5230471,1.5230471,gen_crystal_ProtGPT2_717
-0.7798724,1.7798724,gen_crystal_ProtGPT2_718
-1.9614565,2.9614565,gen_crystal_ProtGPT2_719
0.5245427,0.4754573,gen_crystal_ProtGPT2_720
-0.10264766,1.1026477,gen_crystal_ProtGPT2_721
0.6604932,0.3395068,gen_crystal_ProtGPT2_722
-0.06590378,1.0659038,gen_crystal_ProtGPT2_723
0.1644516,0.8355484,gen_crystal_ProtGPT2_724
-0.41661847,1.4166185,gen_crystal_ProtGPT2_725
0.26564932,0.7343507,gen_crystal_ProtGPT2_726
1.4031398,-0.4031398,gen_crystal_ProtGPT2_727
0.2833404,0.7166596,gen_crystal_ProtGPT2_728
-2.2449641,3.2449641,gen_crystal_ProtGPT2_729
-1.0225403,2.0225403,gen_crystal_ProtGPT2_730
-1.4058986,2.4058986,gen_crystal_ProtGPT2_731
0.65228415,0.34771588,gen_crystal_ProtGPT2_732
-1.1728258,2.1728258,gen_crystal_ProtGPT2_733
-0.025396585,1.0253966,gen_crystal_ProtGPT2_734
0.031001687,0.9689983,gen_crystal_ProtGPT2_735
0.46327764,0.53672236,gen_crystal_ProtGPT2_736
0.20283371,0.7971663,gen_crystal_ProtGPT2_737
-1.0867801,2.08678,gen_crystal_ProtGPT2_738
-0.37812185,1.3781219,gen_crystal_ProtGPT2_739
-1.6251502,2.6251502,gen_crystal_ProtGPT2_740
0.9675201,0.032479897,gen_crystal_ProtGPT2_741
-2.730246,3.730246,gen_crystal_ProtGPT2_742
0.20598328,0.7940167,gen_crystal_ProtGPT2_743
-1.3283601,2.32836,gen_crystal_ProtGPT2_744
-3.240872,4.240872,gen_crystal_ProtGPT2_745
-2.9857037,3.9857037,gen_crystal_ProtGPT2_746
-2.0704193,3.0704193,gen_crystal_ProtGPT2_747
-0.5527662,1.5527662,gen_crystal_ProtGPT2_748
0.6545585,0.34544152,gen_crystal_ProtGPT2_749
0.7776518,0.22234821,gen_crystal_ProtGPT2_750
-1.9640577,2.9640577,gen_crystal_ProtGPT2_751
-0.24614024,1.2461402,gen_crystal_ProtGPT2_752
0.44904035,0.55095965,gen_crystal_ProtGPT2_753
-0.44730735,1.4473073,gen_crystal_ProtGPT2_754
-1.6719239,2.6719239,gen_crystal_ProtGPT2_755
1.6149211,-0.6149211,gen_crystal_ProtGPT2_756
-2.568295,3.568295,gen_crystal_ProtGPT2_757
-0.5453441,1.5453441,gen_crystal_ProtGPT2_758
-1.682632,2.682632,gen_crystal_ProtGPT2_759
0.68626595,0.31373405,gen_crystal_ProtGPT2_760
-0.65474355,1.6547436,gen_crystal_ProtGPT2_761
-1.684828,2.684828,gen_crystal_ProtGPT2_762
-0.14555204,1.145552,gen_crystal_ProtGPT2_763
-1.1242864,2.1242864,gen_crystal_ProtGPT2_764
-0.49892843,1.4989284,gen_crystal_ProtGPT2_765
1.515115,-0.51511496,gen_crystal_ProtGPT2_766
1.1388409,-0.13884093,gen_crystal_ProtGPT2_767
0.3901139,0.6098861,gen_crystal_ProtGPT2_768
0.77080834,0.22919166,gen_crystal_ProtGPT2_769
-0.75610614,1.7561061,gen_crystal_ProtGPT2_770
-3.743845,4.743845,gen_crystal_ProtGPT2_771
0.55587006,0.44412994,gen_crystal_ProtGPT2_772
-1.7754455,2.7754455,gen_crystal_ProtGPT2_773
-1.0313551,2.0313551,gen_crystal_ProtGPT2_774
0.5395421,0.46045792,gen_crystal_ProtGPT2_775
-3.166256,4.166256,gen_crystal_ProtGPT2_776
-1.8273623,2.8273623,gen_crystal_ProtGPT2_777
-0.11461043,1.1146104,gen_crystal_ProtGPT2_778
0.80929434,0.19070567,gen_crystal_ProtGPT2_779
-0.08496606,1.0849661,gen_crystal_ProtGPT2_780
-1.1205747,2.1205747,gen_crystal_ProtGPT2_781
-0.1460092,1.1460092,gen_crystal_ProtGPT2_782
-0.7622484,1.7622484,gen_crystal_ProtGPT2_783
-2.145452,3.145452,gen_crystal_ProtGPT2_784
-0.235093,1.235093,gen_crystal_ProtGPT2_785
-1.0146663,2.0146663,gen_crystal_ProtGPT2_786
0.2190373,0.7809627,gen_crystal_ProtGPT2_787
0.50196254,0.4980375,gen_crystal_ProtGPT2_788
-2.848503,3.848503,gen_crystal_ProtGPT2_789
-2.54081,3.54081,gen_crystal_ProtGPT2_790
-1.1145923,2.1145923,gen_crystal_ProtGPT2_791
0.13308012,0.8669199,gen_crystal_ProtGPT2_792
-3.344376,4.344376,gen_crystal_ProtGPT2_793
-0.18264139,1.1826414,gen_crystal_ProtGPT2_794
-1.5705192,2.5705192,gen_crystal_ProtGPT2_795
0.08374834,0.91625166,gen_crystal_ProtGPT2_796
0.52200437,0.47799563,gen_crystal_ProtGPT2_797
0.6652454,0.33475456,gen_crystal_ProtGPT2_798
-1.3642557,2.3642557,gen_crystal_ProtGPT2_799
-2.1821616,3.1821616,gen_crystal_ProtGPT2_800
-2.2302103,3.2302103,gen_crystal_ProtGPT2_801
-0.4857086,1.4857086,gen_crystal_ProtGPT2_802
0.20172542,0.7982746,gen_crystal_ProtGPT2_803
0.53842586,0.46157414,gen_crystal_ProtGPT2_804
0.081944644,0.91805536,gen_crystal_ProtGPT2_805
0.7055008,0.29449922,gen_crystal_ProtGPT2_806
-1.2868483,2.2868483,gen_crystal_ProtGPT2_807
0.1524353,0.8475647,gen_crystal_ProtGPT2_808
-0.27354586,1.2735459,gen_crystal_ProtGPT2_809
1.2357476,-0.23574753,gen_crystal_ProtGPT2_810
-2.8469465,3.8469465,gen_crystal_ProtGPT2_811
-2.6502018,3.6502018,gen_crystal_ProtGPT2_812
-3.2881932,4.288193,gen_crystal_ProtGPT2_813
-0.036532402,1.0365324,gen_crystal_ProtGPT2_814
0.840858,0.15914202,gen_crystal_ProtGPT2_815
1.0237564,-0.023756392,gen_crystal_ProtGPT2_816
-0.4854194,1.4854194,gen_crystal_ProtGPT2_817
0.4201342,0.5798658,gen_crystal_ProtGPT2_818
0.8898968,0.110103175,gen_crystal_ProtGPT2_819
1.2451211,-0.24512112,gen_crystal_ProtGPT2_820
-0.9170445,1.9170445,gen_crystal_ProtGPT2_821
-0.32759082,1.3275908,gen_crystal_ProtGPT2_822
1.7897483,-0.7897483,gen_crystal_ProtGPT2_823
0.46163648,0.5383635,gen_crystal_ProtGPT2_824
-0.0064702034,1.0064702,gen_crystal_ProtGPT2_825
-0.05462265,1.0546227,gen_crystal_ProtGPT2_826
-1.2623894,2.2623894,gen_crystal_ProtGPT2_827
-0.7399694,1.7399694,gen_crystal_ProtGPT2_828
-3.1419148,4.141915,gen_crystal_ProtGPT2_829
-1.4801159,2.480116,gen_crystal_ProtGPT2_830
1.3475024,-0.34750238,gen_crystal_ProtGPT2_831
-0.91265345,1.9126534,gen_crystal_ProtGPT2_832
-1.2333667,2.2333667,gen_crystal_ProtGPT2_833
-2.3826554,3.3826554,gen_crystal_ProtGPT2_834
0.22628665,0.77371335,gen_crystal_ProtGPT2_835
-2.6913877,3.6913877,gen_crystal_ProtGPT2_836
-0.08065534,1.0806553,gen_crystal_ProtGPT2_837
0.74432355,0.25567645,gen_crystal_ProtGPT2_838
1.5976496,-0.5976496,gen_crystal_ProtGPT2_839
-1.715812,2.715812,gen_crystal_ProtGPT2_840
0.8193871,0.18061289,gen_crystal_ProtGPT2_841
-1.3079004,2.3079004,gen_crystal_ProtGPT2_842
-2.0035038,3.0035038,gen_crystal_ProtGPT2_843
-0.37211668,1.3721167,gen_crystal_ProtGPT2_844
-0.26033223,1.2603322,gen_crystal_ProtGPT2_845
-3.678267,4.678267,gen_crystal_ProtGPT2_846
-0.5354774,1.5354774,gen_crystal_ProtGPT2_847
-3.473631,4.473631,gen_crystal_ProtGPT2_848
-0.70441484,1.7044148,gen_crystal_ProtGPT2_849
0.4564438,0.5435562,gen_crystal_ProtGPT2_850
-3.6660423,4.6660423,gen_crystal_ProtGPT2_851
0.82758,0.17242004,gen_crystal_ProtGPT2_852
0.283548,0.716452,gen_crystal_ProtGPT2_853
-0.17157936,1.1715794,gen_crystal_ProtGPT2_854
-0.5836896,1.5836896,gen_crystal_ProtGPT2_855
-2.310825,3.310825,gen_crystal_ProtGPT2_856
0.17592984,0.82407016,gen_crystal_ProtGPT2_857
-0.04411292,1.0441129,gen_crystal_ProtGPT2_858
-0.9039148,1.9039148,gen_crystal_ProtGPT2_859
-0.6707758,1.6707758,gen_crystal_ProtGPT2_860
0.49509782,0.5049022,gen_crystal_ProtGPT2_861
-0.44872725,1.4487273,gen_crystal_ProtGPT2_862
-2.2594554,3.2594554,gen_crystal_ProtGPT2_863
1.2996092,-0.29960915,gen_crystal_ProtGPT2_864
-0.4245292,1.4245292,gen_crystal_ProtGPT2_865
-2.7327578,3.7327578,gen_crystal_ProtGPT2_866
0.10374433,0.8962557,gen_crystal_ProtGPT2_867
-0.5886668,1.5886668,gen_crystal_ProtGPT2_868
0.5232365,0.47676352,gen_crystal_ProtGPT2_869
-2.048317,3.048317,gen_crystal_ProtGPT2_870
-0.912092,1.912092,gen_crystal_ProtGPT2_871
-0.32988894,1.3298889,gen_crystal_ProtGPT2_872
-0.503844,1.503844,gen_crystal_ProtGPT2_873
-1.0730832,2.0730832,gen_crystal_ProtGPT2_874
0.32981527,0.67018473,gen_crystal_ProtGPT2_875
-2.1493747,3.1493747,gen_crystal_ProtGPT2_876
-1.7167706,2.7167706,gen_crystal_ProtGPT2_877
0.6224051,0.3775949,gen_crystal_ProtGPT2_878
-1.7897725,2.7897725,gen_crystal_ProtGPT2_879
-0.6295587,1.6295587,gen_crystal_ProtGPT2_880
-0.95705974,1.9570597,gen_crystal_ProtGPT2_881
-2.0546353,3.0546353,gen_crystal_ProtGPT2_882
-1.930613,2.930613,gen_crystal_ProtGPT2_883
-1.2716603,2.2716603,gen_crystal_ProtGPT2_884
-0.76232314,1.7623231,gen_crystal_ProtGPT2_885
0.5636584,0.43634158,gen_crystal_ProtGPT2_886
-0.8656968,1.8656968,gen_crystal_ProtGPT2_887
-0.55081344,1.5508134,gen_crystal_ProtGPT2_888
-2.6898386,3.6898386,gen_crystal_ProtGPT2_889
-0.32385683,1.3238568,gen_crystal_ProtGPT2_890
0.17747319,0.8225268,gen_crystal_ProtGPT2_891
-0.2329843,1.2329843,gen_crystal_ProtGPT2_892
1.1214134,-0.12141335,gen_crystal_ProtGPT2_893
-1.7232902,2.7232902,gen_crystal_ProtGPT2_894
0.7010182,0.29898182,gen_crystal_ProtGPT2_895
0.06104821,0.9389518,gen_crystal_ProtGPT2_896
0.4691466,0.5308534,gen_crystal_ProtGPT2_897
-1.3559988,2.3559988,gen_crystal_ProtGPT2_898
-0.31172454,1.3117245,gen_crystal_ProtGPT2_899
-2.673683,3.673683,gen_crystal_ProtGPT2_900
-1.1929307,2.1929307,gen_crystal_ProtGPT2_901
-1.4991603,2.4991603,gen_crystal_ProtGPT2_902
-0.03236544,1.0323654,gen_crystal_ProtGPT2_903
-0.68563724,1.6856372,gen_crystal_ProtGPT2_904
1.0533558,-0.05335577,gen_crystal_ProtGPT2_905
0.5313765,0.46862352,gen_crystal_ProtGPT2_906
-0.5646682,1.5646682,gen_crystal_ProtGPT2_907
-0.26947963,1.2694796,gen_crystal_ProtGPT2_908
0.63667023,0.36332974,gen_crystal_ProtGPT2_909
0.63273394,0.36726606,gen_crystal_ProtGPT2_910
0.14147395,0.85852605,gen_crystal_ProtGPT2_911
-0.80456984,1.8045698,gen_crystal_ProtGPT2_912
-0.4562508,1.4562508,gen_crystal_ProtGPT2_913
-2.5601027,3.5601027,gen_crystal_ProtGPT2_914
-0.48895764,1.4889576,gen_crystal_ProtGPT2_915
-2.676847,3.676847,gen_crystal_ProtGPT2_916
-0.6918757,1.6918757,gen_crystal_ProtGPT2_917
0.24158078,0.7584192,gen_crystal_ProtGPT2_918
-0.722257,1.722257,gen_crystal_ProtGPT2_919
-0.26249778,1.2624978,gen_crystal_ProtGPT2_920
0.38248676,0.61751324,gen_crystal_ProtGPT2_921
0.247958,0.752042,gen_crystal_ProtGPT2_922
-1.2773283,2.2773283,gen_crystal_ProtGPT2_923
-2.3732963,3.3732963,gen_crystal_ProtGPT2_924
-2.4518292,3.4518292,gen_crystal_ProtGPT2_925
-2.7120447,3.7120447,gen_crystal_ProtGPT2_926
0.4611743,0.5388257,gen_crystal_ProtGPT2_927
-0.71476674,1.7147667,gen_crystal_ProtGPT2_928
0.34221512,0.6577849,gen_crystal_ProtGPT2_929
1.3826176,-0.38261762,gen_crystal_ProtGPT2_930
-0.67514503,1.675145,gen_crystal_ProtGPT2_931
-2.68764,3.68764,gen_crystal_ProtGPT2_932
-0.9283402,1.9283402,gen_crystal_ProtGPT2_933
-0.0012459755,1.001246,gen_crystal_ProtGPT2_934
1.0746824,-0.07468234,gen_crystal_ProtGPT2_935
0.077047884,0.9229521,gen_crystal_ProtGPT2_936
0.4901685,0.5098315,gen_crystal_ProtGPT2_937
-1.0771883,2.0771883,gen_crystal_ProtGPT2_938
-1.8129575,2.8129575,gen_crystal_ProtGPT2_939
0.17023891,0.8297611,gen_crystal_ProtGPT2_940
0.50043595,0.49956402,gen_crystal_ProtGPT2_941
-2.3776553,3.3776553,gen_crystal_ProtGPT2_942
-1.6815364,2.6815364,gen_crystal_ProtGPT2_943
-2.388785,3.388785,gen_crystal_ProtGPT2_944
-1.8036609,2.8036609,gen_crystal_ProtGPT2_945
-1.5748672,2.5748672,gen_crystal_ProtGPT2_946
0.2875623,0.7124377,gen_crystal_ProtGPT2_947
0.18915367,0.8108463,gen_crystal_ProtGPT2_948
-0.7215458,1.7215458,gen_crystal_ProtGPT2_949
0.29656857,0.7034314,gen_crystal_ProtGPT2_950
0.14245152,0.8575485,gen_crystal_ProtGPT2_951
-1.1333814,2.1333814,gen_crystal_ProtGPT2_952
-2.477211,3.477211,gen_crystal_ProtGPT2_953
-2.7049596,3.7049596,gen_crystal_ProtGPT2_954
-0.5287,1.5287,gen_crystal_ProtGPT2_955
-1.1209996,2.1209996,gen_crystal_ProtGPT2_956
0.047417164,0.95258284,gen_crystal_ProtGPT2_957
0.8948994,0.10510059,gen_crystal_ProtGPT2_958
-1.3982859,2.3982859,gen_crystal_ProtGPT2_959
-2.3317695,3.3317695,gen_crystal_ProtGPT2_960
-1.0587635,2.0587635,gen_crystal_ProtGPT2_961
-0.044769406,1.0447694,gen_crystal_ProtGPT2_962
-0.65889096,1.658891,gen_crystal_ProtGPT2_963
-2.4085844,3.4085844,gen_crystal_ProtGPT2_964
-2.6711903,3.6711903,gen_crystal_ProtGPT2_965
-0.6738131,1.6738131,gen_crystal_ProtGPT2_966
-0.40401065,1.4040107,gen_crystal_ProtGPT2_967
-2.8593159,3.8593159,gen_crystal_ProtGPT2_968
-3.153317,4.153317,gen_crystal_ProtGPT2_969
-0.7477242,1.7477242,gen_crystal_ProtGPT2_970
-0.7580428,1.7580428,gen_crystal_ProtGPT2_971
-0.63369656,1.6336966,gen_crystal_ProtGPT2_972
-0.122433424,1.1224334,gen_crystal_ProtGPT2_973
0.67374873,0.32625127,gen_crystal_ProtGPT2_974
-1.4098294,2.4098294,gen_crystal_ProtGPT2_975
-2.0346882,3.0346882,gen_crystal_ProtGPT2_976
0.029450297,0.9705497,gen_crystal_ProtGPT2_977
1.2593706,-0.25937057,gen_crystal_ProtGPT2_978
-0.8926629,1.8926629,gen_crystal_ProtGPT2_979
1.0683843,-0.068384305,gen_crystal_ProtGPT2_980
0.40604538,0.5939546,gen_crystal_ProtGPT2_981
1.115898,-0.11589804,gen_crystal_ProtGPT2_982
-0.2610929,1.2610929,gen_crystal_ProtGPT2_983
-2.4801834,3.4801834,gen_crystal_ProtGPT2_984
1.4897738,-0.48977378,gen_crystal_ProtGPT2_985
0.54121006,0.45878997,gen_crystal_ProtGPT2_986
-2.0108926,3.0108926,gen_crystal_ProtGPT2_987
1.0638347,-0.06383469,gen_crystal_ProtGPT2_988
0.14935464,0.85064536,gen_crystal_ProtGPT2_989
-0.9258325,1.9258325,gen_crystal_ProtGPT2_990
-0.23955238,1.2395524,gen_crystal_ProtGPT2_991
0.706122,0.29387802,gen_crystal_ProtGPT2_992
-3.6495247,4.6495247,gen_crystal_ProtGPT2_993
0.6559209,0.34407908,gen_crystal_ProtGPT2_994
-0.6931424,1.6931424,gen_crystal_ProtGPT2_995
0.18799078,0.8120092,gen_crystal_ProtGPT2_996
0.4963438,0.5036562,gen_crystal_ProtGPT2_997
-2.1509025,3.1509025,gen_crystal_ProtGPT2_998
0.26207948,0.7379205,gen_crystal_ProtGPT2_999
0.4577695,0.5422305,gen_crystal_ProtGPT2_1000
-0.0007312298,1.0007312,gen_crystal_ProtGPT2_1001
-0.35022676,1.3502268,gen_crystal_ProtGPT2_1002
0.741474,0.25852603,gen_crystal_ProtGPT2_1003
0.36747837,0.6325216,gen_crystal_ProtGPT2_1004
1.8173547,-0.81735474,gen_crystal_ProtGPT2_1005
-1.4846323,2.4846323,gen_crystal_ProtGPT2_1006
-1.5048218,2.5048218,gen_crystal_ProtGPT2_1007
-1.0511,2.0511,gen_crystal_ProtGPT2_1008
-1.4454446,2.4454446,gen_crystal_ProtGPT2_1009
0.4335569,0.5664431,gen_crystal_ProtGPT2_1010
-1.6489735,2.6489735,gen_crystal_ProtGPT2_1011
0.85522723,0.14477275,gen_crystal_ProtGPT2_1012
-1.0246873,2.0246873,gen_crystal_ProtGPT2_1013
1.0203701,-0.020370182,gen_crystal_ProtGPT2_1014
0.5927439,0.40725613,gen_crystal_ProtGPT2_1015
-0.21781325,1.2178133,gen_crystal_ProtGPT2_1016
-3.1053252,4.105325,gen_crystal_ProtGPT2_1017
-0.15579402,1.155794,gen_crystal_ProtGPT2_1018
0.62799007,0.37200993,gen_crystal_ProtGPT2_1019
-0.17607427,1.1760743,gen_crystal_ProtGPT2_1020
1.2550454,-0.2550454,gen_crystal_ProtGPT2_1021
0.41784853,0.5821515,gen_crystal_ProtGPT2_1022
-3.1549935,4.1549935,gen_crystal_ProtGPT2_1023
-1.0303183,2.0303183,gen_crystal_ProtGPT2_1024
0.4019497,0.5980503,gen_crystal_ProtGPT2_1025
-3.2981176,4.2981176,gen_crystal_ProtGPT2_1026
-0.31507373,1.3150737,gen_crystal_ProtGPT2_1027
-2.4031408,3.4031408,gen_crystal_ProtGPT2_1028
-1.7876298,2.7876298,gen_crystal_ProtGPT2_1029
-2.083449,3.083449,gen_crystal_ProtGPT2_1030
0.73214495,0.26785502,gen_crystal_ProtGPT2_1031
0.5426577,0.45734233,gen_crystal_ProtGPT2_1032
-2.163058,3.163058,gen_crystal_ProtGPT2_1033
-1.8244586,2.8244586,gen_crystal_ProtGPT2_1034
-0.73855877,1.7385588,gen_crystal_ProtGPT2_1035
-1.5284982,2.5284982,gen_crystal_ProtGPT2_1036
1.3668814,-0.3668813,gen_crystal_ProtGPT2_1037
1.4825481,-0.4825481,gen_crystal_ProtGPT2_1038
-1.5952694,2.5952694,gen_crystal_ProtGPT2_1039
-0.5781424,1.5781424,gen_crystal_ProtGPT2_1040
0.13778049,0.8622195,gen_crystal_ProtGPT2_1041
-2.939915,3.939915,gen_crystal_ProtGPT2_1042
-1.0448318,2.0448318,gen_crystal_ProtGPT2_1043
0.31793165,0.68206835,gen_crystal_ProtGPT2_1044
0.8405121,0.15948792,gen_crystal_ProtGPT2_1045
-0.31342006,1.31342,gen_crystal_ProtGPT2_1046
0.13081676,0.86918324,gen_crystal_ProtGPT2_1047
-3.173306,4.173306,gen_crystal_ProtGPT2_1048
0.56468594,0.4353141,gen_crystal_ProtGPT2_1049
-0.9837574,1.9837574,gen_crystal_ProtGPT2_1050
-2.3710165,3.3710165,gen_crystal_ProtGPT2_1051
-1.559113,2.559113,gen_crystal_ProtGPT2_1052
0.24393815,0.75606185,gen_crystal_ProtGPT2_1053
-1.5666142,2.5666142,gen_crystal_ProtGPT2_1054
-3.090209,4.090209,gen_crystal_ProtGPT2_1055
-0.9137598,1.9137598,gen_crystal_ProtGPT2_1056
-3.3058348,4.305835,gen_crystal_ProtGPT2_1057
0.39028585,0.60971415,gen_crystal_ProtGPT2_1058
-0.032632113,1.0326321,gen_crystal_ProtGPT2_1059
-1.4145758,2.4145758,gen_crystal_ProtGPT2_1060
-2.4805057,3.4805057,gen_crystal_ProtGPT2_1061
1.2776892,-0.27768925,gen_crystal_ProtGPT2_1062
-0.7849946,1.7849946,gen_crystal_ProtGPT2_1063
-2.3332705,3.3332705,gen_crystal_ProtGPT2_1064
-1.0004108,2.0004108,gen_crystal_ProtGPT2_1065
-2.1760888,3.1760888,gen_crystal_ProtGPT2_1066
0.11657995,0.88342005,gen_crystal_ProtGPT2_1067
0.99828625,0.0017137536,gen_crystal_ProtGPT2_1068
-2.6889658,3.6889658,gen_crystal_ProtGPT2_1069
0.31731158,0.6826884,gen_crystal_ProtGPT2_1070
0.4184392,0.5815608,gen_crystal_ProtGPT2_1071
-0.18355882,1.1835588,gen_crystal_ProtGPT2_1072
0.30215716,0.69784284,gen_crystal_ProtGPT2_1073
0.70671177,0.29328826,gen_crystal_ProtGPT2_1074
-2.3620372,3.3620372,gen_crystal_ProtGPT2_1075
1.1449826,-0.14498258,gen_crystal_ProtGPT2_1076
-1.9054165,2.9054165,gen_crystal_ProtGPT2_1077
-0.65602267,1.6560227,gen_crystal_ProtGPT2_1078
-0.18001497,1.180015,gen_crystal_ProtGPT2_1079
-0.18700612,1.1870061,gen_crystal_ProtGPT2_1080
-2.1691358,3.1691358,gen_crystal_ProtGPT2_1081
0.5190778,0.48092222,gen_crystal_ProtGPT2_1082
0.2934885,0.7065115,gen_crystal_ProtGPT2_1083
0.47586787,0.52413213,gen_crystal_ProtGPT2_1084
-1.4969745,2.4969745,gen_crystal_ProtGPT2_1085
-2.8367054,3.8367054,gen_crystal_ProtGPT2_1086
0.9640313,0.035968706,gen_crystal_ProtGPT2_1087
-1.4570017,2.4570017,gen_crystal_ProtGPT2_1088
-3.0756302,4.07563,gen_crystal_ProtGPT2_1089
0.7562964,0.24370359,gen_crystal_ProtGPT2_1090
-1.0531535,2.0531535,gen_crystal_ProtGPT2_1091
-1.3885939,2.388594,gen_crystal_ProtGPT2_1092
0.7822811,0.2177189,gen_crystal_ProtGPT2_1093
-2.3574185,3.3574185,gen_crystal_ProtGPT2_1094
-1.6745064,2.6745064,gen_crystal_ProtGPT2_1095
-0.86098945,1.8609895,gen_crystal_ProtGPT2_1096
-2.2826343,3.2826343,gen_crystal_ProtGPT2_1097
-0.45994842,1.4599484,gen_crystal_ProtGPT2_1098
0.9191344,0.08086561,gen_crystal_ProtGPT2_1099
0.065509975,0.93449,gen_crystal_ProtGPT2_1100
-1.9291091,2.929109,gen_crystal_ProtGPT2_1101
-3.239613,4.239613,gen_crystal_ProtGPT2_1102
-2.2141442,3.2141442,gen_crystal_ProtGPT2_1103
-0.5168587,1.5168587,gen_crystal_ProtGPT2_1104
0.101088226,0.8989118,gen_crystal_ProtGPT2_1105
1.4038123,-0.40381232,gen_crystal_ProtGPT2_1106
-0.5262047,1.5262047,gen_crystal_ProtGPT2_1107
-1.6357198,2.6357198,gen_crystal_ProtGPT2_1108
-1.3560579,2.356058,gen_crystal_ProtGPT2_1109
0.6412636,0.35873637,gen_crystal_ProtGPT2_1110
0.48462456,0.51537544,gen_crystal_ProtGPT2_1111
-2.85906,3.85906,gen_crystal_ProtGPT2_1112
-0.017072916,1.0170729,gen_crystal_ProtGPT2_1113
0.520972,0.479028,gen_crystal_ProtGPT2_1114
0.8019519,0.1980481,gen_crystal_ProtGPT2_1115
0.27687985,0.72312015,gen_crystal_ProtGPT2_1116
-0.060056448,1.0600564,gen_crystal_ProtGPT2_1117
-1.4823141,2.482314,gen_crystal_ProtGPT2_1118
-2.6146169,3.6146169,gen_crystal_ProtGPT2_1119
0.08809042,0.9119096,gen_crystal_ProtGPT2_1120
-4.4429617,5.4429617,gen_crystal_ProtGPT2_1121
0.15392089,0.8460791,gen_crystal_ProtGPT2_1122
-0.041771412,1.0417714,gen_crystal_ProtGPT2_1123
-1.1792109,2.179211,gen_crystal_ProtGPT2_1124
-0.11682403,1.116824,gen_crystal_ProtGPT2_1125
-1.1264796,2.1264796,gen_crystal_ProtGPT2_1126
0.1496914,0.8503086,gen_crystal_ProtGPT2_1127
-0.7455627,1.7455627,gen_crystal_ProtGPT2_1128
-2.4778738,3.4778738,gen_crystal_ProtGPT2_1129
0.44810456,0.55189544,gen_crystal_ProtGPT2_1130
-1.9006028,2.9006028,gen_crystal_ProtGPT2_1131
0.7913345,0.20866546,gen_crystal_ProtGPT2_1132
-2.2222285,3.2222285,gen_crystal_ProtGPT2_1133
-2.3297303,3.3297303,gen_crystal_ProtGPT2_1134
-3.3436503,4.3436503,gen_crystal_ProtGPT2_1135
-1.0282421,2.028242,gen_crystal_ProtGPT2_1136
0.6610027,0.3389973,gen_crystal_ProtGPT2_1137
-0.47804403,1.478044,gen_crystal_ProtGPT2_1138
-0.48894644,1.4889464,gen_crystal_ProtGPT2_1139
0.08470875,0.91529125,gen_crystal_ProtGPT2_1140
-1.1657779,2.165778,gen_crystal_ProtGPT2_1141
0.32052296,0.67947704,gen_crystal_ProtGPT2_1142
-0.2831558,1.2831558,gen_crystal_ProtGPT2_1143
-0.8759632,1.8759632,gen_crystal_ProtGPT2_1144
-2.595187,3.595187,gen_crystal_ProtGPT2_1145
-0.04320681,1.0432068,gen_crystal_ProtGPT2_1146
-0.34489965,1.3448997,gen_crystal_ProtGPT2_1147
0.7082781,0.29172188,gen_crystal_ProtGPT2_1148
-1.9868524,2.9868524,gen_crystal_ProtGPT2_1149
-1.6502101,2.6502101,gen_crystal_ProtGPT2_1150
-3.886291,4.886291,gen_crystal_ProtGPT2_1151
-0.3916068,1.3916068,gen_crystal_ProtGPT2_1152
0.26450723,0.73549277,gen_crystal_ProtGPT2_1153
0.8158723,0.18412766,gen_crystal_ProtGPT2_1154
-1.0398202,2.0398202,gen_crystal_ProtGPT2_1155
0.26699775,0.73300225,gen_crystal_ProtGPT2_1156
-2.5653672,3.5653672,gen_crystal_ProtGPT2_1157
-2.1740222,3.1740222,gen_crystal_ProtGPT2_1158
0.30086923,0.6991308,gen_crystal_ProtGPT2_1159
1.0885684,-0.088568464,gen_crystal_ProtGPT2_1160
-3.6257386,4.6257386,gen_crystal_ProtGPT2_1161
0.19361514,0.80638486,gen_crystal_ProtGPT2_1162
-0.17342985,1.1734298,gen_crystal_ProtGPT2_1163
-0.6187712,1.6187712,gen_crystal_ProtGPT2_1164
1.1017191,-0.1017192,gen_crystal_ProtGPT2_1165
-0.14941585,1.1494159,gen_crystal_ProtGPT2_1166
-1.7746015,2.7746015,gen_crystal_ProtGPT2_1167
0.13597172,0.8640283,gen_crystal_ProtGPT2_1168
-0.22813249,1.2281325,gen_crystal_ProtGPT2_1169
-1.1731551,2.173155,gen_crystal_ProtGPT2_1170
-3.7228255,4.7228255,gen_crystal_ProtGPT2_1171
-1.2208891,2.220889,gen_crystal_ProtGPT2_1172
0.04892397,0.95107603,gen_crystal_ProtGPT2_1173
0.4673488,0.5326512,gen_crystal_ProtGPT2_1174
-0.3436228,1.3436228,gen_crystal_ProtGPT2_1175
1.1179974,-0.11799738,gen_crystal_ProtGPT2_1176
-2.9009316,3.9009316,gen_crystal_ProtGPT2_1177
0.13362378,0.8663762,gen_crystal_ProtGPT2_1178
-0.59473515,1.5947351,gen_crystal_ProtGPT2_1179
-2.6907635,3.6907635,gen_crystal_ProtGPT2_1180
-2.0283208,3.0283208,gen_crystal_ProtGPT2_1181
1.2217637,-0.22176373,gen_crystal_ProtGPT2_1182
-2.7934294,3.7934294,gen_crystal_ProtGPT2_1183
0.6899365,0.31006348,gen_crystal_ProtGPT2_1184
0.34682173,0.6531783,gen_crystal_ProtGPT2_1185
-2.0515902,3.0515902,gen_crystal_ProtGPT2_1186
0.2669418,0.7330582,gen_crystal_ProtGPT2_1187
-0.21205366,1.2120537,gen_crystal_ProtGPT2_1188
0.5617323,0.43826768,gen_crystal_ProtGPT2_1189
-0.2610563,1.2610563,gen_crystal_ProtGPT2_1190
-2.3026686,3.3026686,gen_crystal_ProtGPT2_1191
-0.3581338,1.3581338,gen_crystal_ProtGPT2_1192
-0.42613864,1.4261386,gen_crystal_ProtGPT2_1193
-1.5765722,2.5765722,gen_crystal_ProtGPT2_1194
0.5746712,0.4253288,gen_crystal_ProtGPT2_1195
-2.2663748,3.2663748,gen_crystal_ProtGPT2_1196
-0.7979722,1.7979722,gen_crystal_ProtGPT2_1197
0.24455756,0.75544244,gen_crystal_ProtGPT2_1198
0.43573487,0.56426513,gen_crystal_ProtGPT2_1199
2.407617,-1.4076171,gen_crystal_ProtGPT2_1200
0.15658104,0.84341896,gen_crystal_ProtGPT2_1201
0.05161214,0.94838786,gen_crystal_ProtGPT2_1202
-0.5628543,1.5628543,gen_crystal_ProtGPT2_1203
-3.5173793,4.5173793,gen_crystal_ProtGPT2_1204
0.0056816936,0.9943183,gen_crystal_ProtGPT2_1205
0.74722254,0.2527775,gen_crystal_ProtGPT2_1206
-0.13058197,1.130582,gen_crystal_ProtGPT2_1207
-0.7129743,1.7129743,gen_crystal_ProtGPT2_1208
-0.90646935,1.9064693,gen_crystal_ProtGPT2_1209
-0.21407127,1.2140713,gen_crystal_ProtGPT2_1210
-0.008396149,1.0083961,gen_crystal_ProtGPT2_1211
0.68625945,0.31374055,gen_crystal_ProtGPT2_1212
0.28674698,0.713253,gen_crystal_ProtGPT2_1213
-0.002224803,1.0022248,gen_crystal_ProtGPT2_1214
-1.0734034,2.0734034,gen_crystal_ProtGPT2_1215
0.82464874,0.17535129,gen_crystal_ProtGPT2_1216
-1.9288785,2.9288785,gen_crystal_ProtGPT2_1217
0.40106857,0.59893143,gen_crystal_ProtGPT2_1218
0.45574212,0.5442579,gen_crystal_ProtGPT2_1219
-1.4120629,2.412063,gen_crystal_ProtGPT2_1220
0.27632767,0.72367233,gen_crystal_ProtGPT2_1221
-1.990834,2.990834,gen_crystal_ProtGPT2_1222
-2.4640238,3.4640238,gen_crystal_ProtGPT2_1223
0.14324325,0.85675675,gen_crystal_ProtGPT2_1224
-0.031000614,1.0310006,gen_crystal_ProtGPT2_1225
0.5300454,0.46995464,gen_crystal_ProtGPT2_1226
0.31148922,0.6885108,gen_crystal_ProtGPT2_1227
1.0812049,-0.08120488,gen_crystal_ProtGPT2_1228
0.8509629,0.14903715,gen_crystal_ProtGPT2_1229
-0.6402999,1.6402999,gen_crystal_ProtGPT2_1230
-2.309525,3.309525,gen_crystal_ProtGPT2_1231
-1.2838728,2.2838728,gen_crystal_ProtGPT2_1232
-2.3822048,3.3822048,gen_crystal_ProtGPT2_1233
-3.5295815,4.5295815,gen_crystal_ProtGPT2_1234
-2.591014,3.591014,gen_crystal_ProtGPT2_1235
-2.34118,3.34118,gen_crystal_ProtGPT2_1236
1.0385085,-0.03850849,gen_crystal_ProtGPT2_1237
0.5098288,0.49017122,gen_crystal_ProtGPT2_1238
0.5016179,0.49838206,gen_crystal_ProtGPT2_1239
0.74597645,0.25402355,gen_crystal_ProtGPT2_1240
-0.6602701,1.6602701,gen_crystal_ProtGPT2_1241
-2.0012002,3.0012002,gen_crystal_ProtGPT2_1242
1.1815225,-0.18152246,gen_crystal_ProtGPT2_1243
-2.8508275,3.8508275,gen_crystal_ProtGPT2_1244
-0.8933693,1.8933693,gen_crystal_ProtGPT2_1245
-0.18124425,1.1812443,gen_crystal_ProtGPT2_1246
-0.40351248,1.4035125,gen_crystal_ProtGPT2_1247
0.76187825,0.23812172,gen_crystal_ProtGPT2_1248
-0.04223013,1.0422301,gen_crystal_ProtGPT2_1249
0.6257324,0.3742676,gen_crystal_ProtGPT2_1250
0.6430439,0.35695615,gen_crystal_ProtGPT2_1251
0.57476103,0.42523897,gen_crystal_ProtGPT2_1252
-1.2114496,2.2114496,gen_crystal_ProtGPT2_1253
0.20940709,0.7905929,gen_crystal_ProtGPT2_1254
0.7296294,0.2703706,gen_crystal_ProtGPT2_1255
0.9987544,0.0012455948,gen_crystal_ProtGPT2_1256
0.5510324,0.4489676,gen_crystal_ProtGPT2_1257
-1.1882927,2.1882927,gen_crystal_ProtGPT2_1258
-2.414611,3.414611,gen_crystal_ProtGPT2_1259
0.16432238,0.8356776,gen_crystal_ProtGPT2_1260
0.5869807,0.4130193,gen_crystal_ProtGPT2_1261
0.57082105,0.42917898,gen_crystal_ProtGPT2_1262
1.3111169,-0.311117,gen_crystal_ProtGPT2_1263
0.35408205,0.64591795,gen_crystal_ProtGPT2_1264
-0.71575236,1.7157524,gen_crystal_ProtGPT2_1265
-1.6254394,2.6254394,gen_crystal_ProtGPT2_1266
-0.034729242,1.0347292,gen_crystal_ProtGPT2_1267
-3.2070713,4.2070713,gen_crystal_ProtGPT2_1268
-2.3518007,3.3518007,gen_crystal_ProtGPT2_1269
0.6807534,0.3192466,gen_crystal_ProtGPT2_1270
-1.8749287,2.8749287,gen_crystal_ProtGPT2_1271
-1.9022882,2.9022882,gen_crystal_ProtGPT2_1272
0.091775596,0.9082244,gen_crystal_ProtGPT2_1273
-0.42564738,1.4256474,gen_crystal_ProtGPT2_1274
0.737301,0.26269904,gen_crystal_ProtGPT2_1275
-0.4459393,1.4459393,gen_crystal_ProtGPT2_1276
0.70684934,0.29315063,gen_crystal_ProtGPT2_1277
-1.4538529,2.453853,gen_crystal_ProtGPT2_1278
0.5405719,0.4594281,gen_crystal_ProtGPT2_1279
0.79446614,0.20553383,gen_crystal_ProtGPT2_1280
0.46139753,0.5386025,gen_crystal_ProtGPT2_1281
0.36383057,0.63616943,gen_crystal_ProtGPT2_1282
0.70029193,0.29970807,gen_crystal_ProtGPT2_1283
-0.575876,1.575876,gen_crystal_ProtGPT2_1284
0.31983423,0.68016577,gen_crystal_ProtGPT2_1285
0.25880605,0.74119395,gen_crystal_ProtGPT2_1286
-0.8927368,1.8927368,gen_crystal_ProtGPT2_1287
-0.35262072,1.3526207,gen_crystal_ProtGPT2_1288
-2.1727378,3.1727378,gen_crystal_ProtGPT2_1289
-0.49633193,1.4963319,gen_crystal_ProtGPT2_1290
-0.47088182,1.4708818,gen_crystal_ProtGPT2_1291
-1.7887087,2.7887087,gen_crystal_ProtGPT2_1292
-1.9850178,2.9850178,gen_crystal_ProtGPT2_1293
-0.9464197,1.9464197,gen_crystal_ProtGPT2_1294
1.3612219,-0.36122194,gen_crystal_ProtGPT2_1295
-0.010812402,1.0108124,gen_crystal_ProtGPT2_1296
0.50176525,0.49823478,gen_crystal_ProtGPT2_1297
0.8755923,0.124407694,gen_crystal_ProtGPT2_1298
-1.0183175,2.0183175,gen_crystal_ProtGPT2_1299
-1.148953,2.148953,gen_crystal_ProtGPT2_1300
0.039954543,0.96004546,gen_crystal_ProtGPT2_1301
-0.7276392,1.7276392,gen_crystal_ProtGPT2_1302
-0.5834774,1.5834774,gen_crystal_ProtGPT2_1303
0.1308437,0.8691563,gen_crystal_ProtGPT2_1304
-1.4935603,2.4935603,gen_crystal_ProtGPT2_1305
0.07668048,0.9233195,gen_crystal_ProtGPT2_1306
1.1193823,-0.11938231,gen_crystal_ProtGPT2_1307
0.37013662,0.6298634,gen_crystal_ProtGPT2_1308
0.9304417,0.06955831,gen_crystal_ProtGPT2_1309
0.6173773,0.3826227,gen_crystal_ProtGPT2_1310
-2.20448,3.20448,gen_crystal_ProtGPT2_1311
-1.7625909,2.762591,gen_crystal_ProtGPT2_1312
1.0656855,-0.06568554,gen_crystal_ProtGPT2_1313
-1.5516586,2.5516586,gen_crystal_ProtGPT2_1314
1.5243171,-0.52431715,gen_crystal_ProtGPT2_1315
-0.5965415,1.5965415,gen_crystal_ProtGPT2_1316
-2.7611647,3.7611647,gen_crystal_ProtGPT2_1317
0.8113648,0.18863516,gen_crystal_ProtGPT2_1318
0.047086954,0.95291305,gen_crystal_ProtGPT2_1319
-2.5758572,3.5758572,gen_crystal_ProtGPT2_1320
0.69634473,0.3036553,gen_crystal_ProtGPT2_1321
-1.963115,2.963115,gen_crystal_ProtGPT2_1322
0.3695411,0.6304589,gen_crystal_ProtGPT2_1323
-0.17761111,1.1776111,gen_crystal_ProtGPT2_1324
-0.92863595,1.928636,gen_crystal_ProtGPT2_1325
0.05249232,0.9475077,gen_crystal_ProtGPT2_1326
-0.033689022,1.033689,gen_crystal_ProtGPT2_1327
0.22056109,0.7794389,gen_crystal_ProtGPT2_1328
-3.0845299,4.08453,gen_crystal_ProtGPT2_1329
1.0246596,-0.024659593,gen_crystal_ProtGPT2_1330
-2.4801319,3.4801319,gen_crystal_ProtGPT2_1331
-0.54527044,1.5452704,gen_crystal_ProtGPT2_1332
1.3330793,-0.3330794,gen_crystal_ProtGPT2_1333
-2.9397416,3.9397416,gen_crystal_ProtGPT2_1334
0.6832703,0.31672972,gen_crystal_ProtGPT2_1335
-0.5397012,1.5397012,gen_crystal_ProtGPT2_1336
0.50815594,0.49184403,gen_crystal_ProtGPT2_1337
-0.031885743,1.0318857,gen_crystal_ProtGPT2_1338
-0.25104272,1.2510427,gen_crystal_ProtGPT2_1339
0.32442576,0.67557424,gen_crystal_ProtGPT2_1340
-1.1603391,2.160339,gen_crystal_ProtGPT2_1341
-1.6782167,2.6782167,gen_crystal_ProtGPT2_1342
-0.6060662,1.6060662,gen_crystal_ProtGPT2_1343
-1.7268846,2.7268846,gen_crystal_ProtGPT2_1344
0.10036081,0.8996392,gen_crystal_ProtGPT2_1345
-0.2582184,1.2582184,gen_crystal_ProtGPT2_1346
-0.92313707,1.9231371,gen_crystal_ProtGPT2_1347
0.76000214,0.23999786,gen_crystal_ProtGPT2_1348
-0.76810014,1.7681001,gen_crystal_ProtGPT2_1349
0.5307307,0.4692693,gen_crystal_ProtGPT2_1350
-1.9337797,2.9337797,gen_crystal_ProtGPT2_1351
0.48913306,0.51086694,gen_crystal_ProtGPT2_1352
1.0212262,-0.021226138,gen_crystal_ProtGPT2_1353
1.2743583,-0.2743583,gen_crystal_ProtGPT2_1354
-0.41711593,1.4171159,gen_crystal_ProtGPT2_1355
-0.315727,1.315727,gen_crystal_ProtGPT2_1356
-3.0965695,4.0965695,gen_crystal_ProtGPT2_1357
0.78862417,0.21137586,gen_crystal_ProtGPT2_1358
0.26239318,0.7376068,gen_crystal_ProtGPT2_1359
0.74884427,0.2511557,gen_crystal_ProtGPT2_1360
1.0645713,-0.06457121,gen_crystal_ProtGPT2_1361
-2.7616758,3.7616758,gen_crystal_ProtGPT2_1362
0.42118114,0.57881886,gen_crystal_ProtGPT2_1363
-0.762746,1.762746,gen_crystal_ProtGPT2_1364
-0.707605,1.707605,gen_crystal_ProtGPT2_1365
1.1205788,-0.120578825,gen_crystal_ProtGPT2_1366
0.7669669,0.23303314,gen_crystal_ProtGPT2_1367
-2.9540684,3.9540684,gen_crystal_ProtGPT2_1368
1.1288567,-0.12885663,gen_crystal_ProtGPT2_1369
-2.395576,3.395576,gen_crystal_ProtGPT2_1370
-1.4649427,2.4649427,gen_crystal_ProtGPT2_1371
1.0011382,-0.0011381691,gen_crystal_ProtGPT2_1372
-0.6915455,1.6915455,gen_crystal_ProtGPT2_1373
0.58230317,0.41769686,gen_crystal_ProtGPT2_1374
-1.4289794,2.4289794,gen_crystal_ProtGPT2_1375
-2.407373,3.407373,gen_crystal_ProtGPT2_1376
-1.5776215,2.5776215,gen_crystal_ProtGPT2_1377
-2.8872294,3.8872294,gen_crystal_ProtGPT2_1378
-1.8489265,2.8489265,gen_crystal_ProtGPT2_1379
0.33844936,0.66155064,gen_crystal_ProtGPT2_1380
-1.3874125,2.3874125,gen_crystal_ProtGPT2_1381
-2.5845168,3.5845168,gen_crystal_ProtGPT2_1382
0.31110287,0.68889713,gen_crystal_ProtGPT2_1383
0.6710628,0.32893717,gen_crystal_ProtGPT2_1384
-1.0885534,2.0885534,gen_crystal_ProtGPT2_1385
-0.34198296,1.341983,gen_crystal_ProtGPT2_1386
0.57876194,0.42123803,gen_crystal_ProtGPT2_1387
-0.21897256,1.2189726,gen_crystal_ProtGPT2_1388
-2.9028869,3.9028869,gen_crystal_ProtGPT2_1389
-4.18464,5.18464,gen_crystal_ProtGPT2_1390
-2.417471,3.417471,gen_crystal_ProtGPT2_1391
-0.39394104,1.393941,gen_crystal_ProtGPT2_1392
0.5367775,0.46322253,gen_crystal_ProtGPT2_1393
0.29075313,0.7092469,gen_crystal_ProtGPT2_1394
1.0178828,-0.017882805,gen_crystal_ProtGPT2_1395
0.8837664,0.1162336,gen_crystal_ProtGPT2_1396
-3.6854563,4.6854563,gen_crystal_ProtGPT2_1397
-0.9270594,1.9270594,gen_crystal_ProtGPT2_1398
0.9788379,0.021162115,gen_crystal_ProtGPT2_1399
-0.14113724,1.1411372,gen_crystal_ProtGPT2_1400
0.16713661,0.8328634,gen_crystal_ProtGPT2_1401
-0.8458824,1.8458824,gen_crystal_ProtGPT2_1402
1.8379037,-0.8379038,gen_crystal_ProtGPT2_1403
0.093990624,0.9060094,gen_crystal_ProtGPT2_1404
0.75343275,0.24656726,gen_crystal_ProtGPT2_1405
-0.28827,1.28827,gen_crystal_ProtGPT2_1406
-1.4594827,2.4594827,gen_crystal_ProtGPT2_1407
0.43980646,0.56019354,gen_crystal_ProtGPT2_1408
-1.3970158,2.3970158,gen_crystal_ProtGPT2_1409
-0.026494145,1.0264941,gen_crystal_ProtGPT2_1410
0.9174673,0.08253272,gen_crystal_ProtGPT2_1411
-0.6482048,1.6482048,gen_crystal_ProtGPT2_1412
0.05920726,0.94079274,gen_crystal_ProtGPT2_1413
-1.9788566,2.9788566,gen_crystal_ProtGPT2_1414
-2.8320775,3.8320775,gen_crystal_ProtGPT2_1415
-0.18353474,1.1835347,gen_crystal_ProtGPT2_1416
-2.6748364,3.6748364,gen_crystal_ProtGPT2_1417
1.6707995,-0.67079955,gen_crystal_ProtGPT2_1418
-2.295007,3.295007,gen_crystal_ProtGPT2_1419
0.28045446,0.71954554,gen_crystal_ProtGPT2_1420
-0.9918562,1.9918562,gen_crystal_ProtGPT2_1421
1.1116455,-0.111645445,gen_crystal_ProtGPT2_1422
-1.4463463,2.4463463,gen_crystal_ProtGPT2_1423
-2.5381274,3.5381274,gen_crystal_ProtGPT2_1424
-0.66980314,1.6698031,gen_crystal_ProtGPT2_1425
-2.0432262,3.0432262,gen_crystal_ProtGPT2_1426
0.2478162,0.7521838,gen_crystal_ProtGPT2_1427
0.93151844,0.06848155,gen_crystal_ProtGPT2_1428
0.83252,0.16748,gen_crystal_ProtGPT2_1429
-1.1940489,2.194049,gen_crystal_ProtGPT2_1430
0.14252603,0.85747397,gen_crystal_ProtGPT2_1431
-0.71959925,1.7195992,gen_crystal_ProtGPT2_1432
0.4622466,0.5377534,gen_crystal_ProtGPT2_1433
-0.65092456,1.6509246,gen_crystal_ProtGPT2_1434
-2.3297782,3.3297782,gen_crystal_ProtGPT2_1435
0.46190482,0.5380952,gen_crystal_ProtGPT2_1436
0.68057644,0.31942353,gen_crystal_ProtGPT2_1437
-1.2594554,2.2594554,gen_crystal_ProtGPT2_1438
0.34226155,0.65773845,gen_crystal_ProtGPT2_1439
-1.2416506,2.2416506,gen_crystal_ProtGPT2_1440
-1.4493318,2.4493318,gen_crystal_ProtGPT2_1441
-1.3591046,2.3591046,gen_crystal_ProtGPT2_1442
-0.8290291,1.8290291,gen_crystal_ProtGPT2_1443
-1.1955974,2.1955974,gen_crystal_ProtGPT2_1444
0.9267633,0.07323673,gen_crystal_ProtGPT2_1445
-0.4355849,1.4355849,gen_crystal_ProtGPT2_1446
-3.081514,4.081514,gen_crystal_ProtGPT2_1447
-1.3011832,2.3011832,gen_crystal_ProtGPT2_1448
-2.7232082,3.7232082,gen_crystal_ProtGPT2_1449
-1.8483343,2.8483343,gen_crystal_ProtGPT2_1450
-1.7689278,2.7689278,gen_crystal_ProtGPT2_1451
0.004312396,0.9956876,gen_crystal_ProtGPT2_1452
0.2945003,0.7054997,gen_crystal_ProtGPT2_1453
-0.15706623,1.1570662,gen_crystal_ProtGPT2_1454
0.06966442,0.9303356,gen_crystal_ProtGPT2_1455
1.0112997,-0.011299704,gen_crystal_ProtGPT2_1456
-0.50719917,1.5071992,gen_crystal_ProtGPT2_1457
0.35197926,0.64802074,gen_crystal_ProtGPT2_1458
1.7551992,-0.75519913,gen_crystal_ProtGPT2_1459
0.26029086,0.73970914,gen_crystal_ProtGPT2_1460
1.1391553,-0.13915527,gen_crystal_ProtGPT2_1461
-1.0013409,2.0013409,gen_crystal_ProtGPT2_1462
-0.14236486,1.1423649,gen_crystal_ProtGPT2_1463
-1.1161144,2.1161144,gen_crystal_ProtGPT2_1464
0.14233458,0.8576654,gen_crystal_ProtGPT2_1465
-0.057477236,1.0574772,gen_crystal_ProtGPT2_1466
-0.18867171,1.1886717,gen_crystal_ProtGPT2_1467
1.1497481,-0.14974804,gen_crystal_ProtGPT2_1468
0.25961572,0.7403843,gen_crystal_ProtGPT2_1469
1.0613041,-0.061304044,gen_crystal_ProtGPT2_1470
0.41537827,0.5846217,gen_crystal_ProtGPT2_1471
-1.0518394,2.0518394,gen_crystal_ProtGPT2_1472
-0.13502884,1.1350288,gen_crystal_ProtGPT2_1473
-0.64854836,1.6485484,gen_crystal_ProtGPT2_1474
-0.48576987,1.4857699,gen_crystal_ProtGPT2_1475
-0.5833014,1.5833014,gen_crystal_ProtGPT2_1476
-0.67002904,1.670029,gen_crystal_ProtGPT2_1477
-1.0633802,2.0633802,gen_crystal_ProtGPT2_1478
-0.46191168,1.4619117,gen_crystal_ProtGPT2_1479
-0.064631104,1.0646311,gen_crystal_ProtGPT2_1480
0.7714283,0.22857173,gen_crystal_ProtGPT2_1481
0.42419326,0.57580674,gen_crystal_ProtGPT2_1482
-0.17234981,1.1723498,gen_crystal_ProtGPT2_1483
1.1178175,-0.117817566,gen_crystal_ProtGPT2_1484
0.97118866,0.028811345,gen_crystal_ProtGPT2_1485
0.8138958,0.1861042,gen_crystal_ProtGPT2_1486
0.5098176,0.49018243,gen_crystal_ProtGPT2_1487
-1.5193543,2.5193543,gen_crystal_ProtGPT2_1488
0.8043015,0.19569851,gen_crystal_ProtGPT2_1489
0.2145716,0.7854284,gen_crystal_ProtGPT2_1490
0.45185697,0.548143,gen_crystal_ProtGPT2_1491
-2.2033305,3.2033305,gen_crystal_ProtGPT2_1492
-2.5050366,3.5050366,gen_crystal_ProtGPT2_1493
-2.5339618,3.5339618,gen_crystal_ProtGPT2_1494
0.55541027,0.4445897,gen_crystal_ProtGPT2_1495
-0.9306767,1.9306767,gen_crystal_ProtGPT2_1496
0.20492613,0.79507387,gen_crystal_ProtGPT2_1497
1.3434309,-0.34343085,gen_crystal_ProtGPT2_1498
-1.8679593,2.8679593,gen_crystal_ProtGPT2_1499
-0.13571382,1.1357138,gen_crystal_ProtGPT2_1500
-0.9982908,1.9982908,gen_crystal_ProtGPT2_1501
-2.6339564,3.6339564,gen_crystal_ProtGPT2_1502
0.79014456,0.20985544,gen_crystal_ProtGPT2_1503
0.18192673,0.8180733,gen_crystal_ProtGPT2_1504
-1.2046876,2.2046876,gen_crystal_ProtGPT2_1505
1.7113011,-0.71130115,gen_crystal_ProtGPT2_1506
0.89872694,0.10127309,gen_crystal_ProtGPT2_1507
-2.1741028,3.1741028,gen_crystal_ProtGPT2_1508
-0.41890514,1.4189051,gen_crystal_ProtGPT2_1509
0.5186969,0.48130313,gen_crystal_ProtGPT2_1510
-1.0798144,2.0798144,gen_crystal_ProtGPT2_1511
1.585227,-0.5852271,gen_crystal_ProtGPT2_1512
0.5131494,0.4868506,gen_crystal_ProtGPT2_1513
0.3348056,0.6651944,gen_crystal_ProtGPT2_1514
-1.2049925,2.2049925,gen_crystal_ProtGPT2_1515
-1.6836298,2.6836298,gen_crystal_ProtGPT2_1516
-3.0445423,4.0445423,gen_crystal_ProtGPT2_1517
-1.3090901,2.3090901,gen_crystal_ProtGPT2_1518
0.81511444,0.18488555,gen_crystal_ProtGPT2_1519
-0.708477,1.708477,gen_crystal_ProtGPT2_1520
0.08874619,0.9112538,gen_crystal_ProtGPT2_1521
-1.6994772,2.6994772,gen_crystal_ProtGPT2_1522
-2.9395103,3.9395103,gen_crystal_ProtGPT2_1523
0.29795462,0.7020454,gen_crystal_ProtGPT2_1524
1.1261276,-0.12612759,gen_crystal_ProtGPT2_1525
-2.3846412,3.3846412,gen_crystal_ProtGPT2_1526
-1.7497244,2.7497244,gen_crystal_ProtGPT2_1527
1.2742888,-0.27428874,gen_crystal_ProtGPT2_1528
-3.2283225,4.2283225,gen_crystal_ProtGPT2_1529
0.7971914,0.2028086,gen_crystal_ProtGPT2_1530
-1.2480302,2.2480302,gen_crystal_ProtGPT2_1531
-1.2420208,2.2420208,gen_crystal_ProtGPT2_1532
1.1903684,-0.19036846,gen_crystal_ProtGPT2_1533
-0.933835,1.933835,gen_crystal_ProtGPT2_1534
0.36106676,0.63893324,gen_crystal_ProtGPT2_1535
-2.770484,3.770484,gen_crystal_ProtGPT2_1536
-2.2701669,3.2701669,gen_crystal_ProtGPT2_1537
-0.27158368,1.2715837,gen_crystal_ProtGPT2_1538
0.33707613,0.6629239,gen_crystal_ProtGPT2_1539
-1.6236901,2.6236901,gen_crystal_ProtGPT2_1540
-1.6742487,2.6742487,gen_crystal_ProtGPT2_1541
1.1780202,-0.17802021,gen_crystal_ProtGPT2_1542
0.6556444,0.34435558,gen_crystal_ProtGPT2_1543
-0.08758235,1.0875823,gen_crystal_ProtGPT2_1544
-0.87800074,1.8780007,gen_crystal_ProtGPT2_1545
-3.381249,4.381249,gen_crystal_ProtGPT2_1546
-2.8636382,3.8636382,gen_crystal_ProtGPT2_1547
-2.7410486,3.7410486,gen_crystal_ProtGPT2_1548
0.6118363,0.3881637,gen_crystal_ProtGPT2_1549
0.14789158,0.8521084,gen_crystal_ProtGPT2_1550
1.2719204,-0.27192044,gen_crystal_ProtGPT2_1551
-1.308568,2.308568,gen_crystal_ProtGPT2_1552
-3.3363695,4.3363695,gen_crystal_ProtGPT2_1553
1.4072969,-0.40729687,gen_crystal_ProtGPT2_1554
-0.27040374,1.2704037,gen_crystal_ProtGPT2_1555
0.13826984,0.86173016,gen_crystal_ProtGPT2_1556
-1.361078,2.361078,gen_crystal_ProtGPT2_1557
0.54204816,0.45795184,gen_crystal_ProtGPT2_1558
0.15364605,0.84635395,gen_crystal_ProtGPT2_1559
-0.80640554,1.8064055,gen_crystal_ProtGPT2_1560
0.013403773,0.9865962,gen_crystal_ProtGPT2_1561
0.4421457,0.5578543,gen_crystal_ProtGPT2_1562
-1.2611969,2.2611969,gen_crystal_ProtGPT2_1563
-2.1745791,3.1745791,gen_crystal_ProtGPT2_1564
-1.6785376,2.6785376,gen_crystal_ProtGPT2_1565
0.3356747,0.6643253,gen_crystal_ProtGPT2_1566
0.09647685,0.90352315,gen_crystal_ProtGPT2_1567
-0.20976567,1.2097657,gen_crystal_ProtGPT2_1568
0.2791403,0.7208597,gen_crystal_ProtGPT2_1569
-0.16578484,1.1657848,gen_crystal_ProtGPT2_1570
-0.64331627,1.6433163,gen_crystal_ProtGPT2_1571
-1.8889678,2.8889678,gen_crystal_ProtGPT2_1572
-0.21331656,1.2133166,gen_crystal_ProtGPT2_1573
-0.3709482,1.3709482,gen_crystal_ProtGPT2_1574
-1.1736109,2.173611,gen_crystal_ProtGPT2_1575
-2.5937958,3.5937958,gen_crystal_ProtGPT2_1576
-0.6042788,1.6042788,gen_crystal_ProtGPT2_1577
-1.5680647,2.5680647,gen_crystal_ProtGPT2_1578
-0.67376447,1.6737645,gen_crystal_ProtGPT2_1579
-1.9496179,2.9496179,gen_crystal_ProtGPT2_1580
-1.0360961,2.036096,gen_crystal_ProtGPT2_1581
-0.6903429,1.6903429,gen_crystal_ProtGPT2_1582
0.10350263,0.89649737,gen_crystal_ProtGPT2_1583
-0.15757823,1.1575782,gen_crystal_ProtGPT2_1584
0.1652813,0.8347187,gen_crystal_ProtGPT2_1585
0.38430232,0.6156977,gen_crystal_ProtGPT2_1586
0.33811533,0.66188467,gen_crystal_ProtGPT2_1587
-0.07305169,1.0730517,gen_crystal_ProtGPT2_1588
0.94991684,0.050083186,gen_crystal_ProtGPT2_1589
-1.7177451,2.717745,gen_crystal_ProtGPT2_1590
-2.112743,3.112743,gen_crystal_ProtGPT2_1591
-2.7115214,3.7115214,gen_crystal_ProtGPT2_1592
0.47553068,0.5244693,gen_crystal_ProtGPT2_1593
-0.12335944,1.1233594,gen_crystal_ProtGPT2_1594
-1.1809456,2.1809456,gen_crystal_ProtGPT2_1595
-0.9410018,1.9410018,gen_crystal_ProtGPT2_1596
-0.9017831,1.9017831,gen_crystal_ProtGPT2_1597
0.19435042,0.8056496,gen_crystal_ProtGPT2_1598
1.05496,-0.054960065,gen_crystal_ProtGPT2_1599
0.58777374,0.41222626,gen_crystal_ProtGPT2_1600
0.02463597,0.975364,gen_crystal_ProtGPT2_1601
-2.1080983,3.1080983,gen_crystal_ProtGPT2_1602
-1.1497431,2.149743,gen_crystal_ProtGPT2_1603
0.15914679,0.8408532,gen_crystal_ProtGPT2_1604
0.020330787,0.9796692,gen_crystal_ProtGPT2_1605
-3.5975103,4.5975103,gen_crystal_ProtGPT2_1606
0.4383307,0.5616693,gen_crystal_ProtGPT2_1607
0.11405903,0.88594097,gen_crystal_ProtGPT2_1608
0.017383158,0.98261684,gen_crystal_ProtGPT2_1609
-1.7976282,2.7976282,gen_crystal_ProtGPT2_1610
-2.1048737,3.1048737,gen_crystal_ProtGPT2_1611
0.91902745,0.08097258,gen_crystal_ProtGPT2_1612
-2.0271103,3.0271103,gen_crystal_ProtGPT2_1613
0.55147856,0.44852144,gen_crystal_ProtGPT2_1614
-1.4882469,2.488247,gen_crystal_ProtGPT2_1615
-1.3805175,2.3805175,gen_crystal_ProtGPT2_1616
0.14641923,0.8535808,gen_crystal_ProtGPT2_1617
-2.5335605,3.5335605,gen_crystal_ProtGPT2_1618
0.2651676,0.7348324,gen_crystal_ProtGPT2_1619
-2.3840349,3.3840349,gen_crystal_ProtGPT2_1620
-0.5980923,1.5980923,gen_crystal_ProtGPT2_1621
-2.0550277,3.0550277,gen_crystal_ProtGPT2_1622
0.66161346,0.33838654,gen_crystal_ProtGPT2_1623
-2.561369,3.561369,gen_crystal_ProtGPT2_1624
-1.7978065,2.7978065,gen_crystal_ProtGPT2_1625
0.009050429,0.9909496,gen_crystal_ProtGPT2_1626
-0.12536848,1.1253685,gen_crystal_ProtGPT2_1627
0.65049124,0.3495088,gen_crystal_ProtGPT2_1628
-1.4908702,2.4908702,gen_crystal_ProtGPT2_1629
-0.07129049,1.0712905,gen_crystal_ProtGPT2_1630
-1.533505,2.533505,gen_crystal_ProtGPT2_1631
0.43698448,0.5630155,gen_crystal_ProtGPT2_1632
0.5723387,0.42766133,gen_crystal_ProtGPT2_1633
-2.4826634,3.4826634,gen_crystal_ProtGPT2_1634
-1.908961,2.908961,gen_crystal_ProtGPT2_1635
-0.19120598,1.191206,gen_crystal_ProtGPT2_1636
-1.9390271,2.939027,gen_crystal_ProtGPT2_1637
0.7691262,0.23087382,gen_crystal_ProtGPT2_1638
-0.15158212,1.1515821,gen_crystal_ProtGPT2_1639
0.073345125,0.9266549,gen_crystal_ProtGPT2_1640
0.6798564,0.32014358,gen_crystal_ProtGPT2_1641
0.66092837,0.3390716,gen_crystal_ProtGPT2_1642
0.23816943,0.76183057,gen_crystal_ProtGPT2_1643
-0.26711,1.26711,gen_crystal_ProtGPT2_1644
0.29085124,0.70914876,gen_crystal_ProtGPT2_1645
-0.14443576,1.1444358,gen_crystal_ProtGPT2_1646
-0.48890626,1.4889063,gen_crystal_ProtGPT2_1647
0.16233933,0.8376607,gen_crystal_ProtGPT2_1648
-0.19993854,1.1999385,gen_crystal_ProtGPT2_1649
-1.1942418,2.1942418,gen_crystal_ProtGPT2_1650
0.13320702,0.866793,gen_crystal_ProtGPT2_1651
0.049459577,0.9505404,gen_crystal_ProtGPT2_1652
0.12410939,0.8758906,gen_crystal_ProtGPT2_1653
-0.9981135,1.9981135,gen_crystal_ProtGPT2_1654
-2.0209217,3.0209217,gen_crystal_ProtGPT2_1655
-0.99691343,1.9969134,gen_crystal_ProtGPT2_1656
0.8047366,0.19526339,gen_crystal_ProtGPT2_1657
-0.8553077,1.8553077,gen_crystal_ProtGPT2_1658
0.2986501,0.7013499,gen_crystal_ProtGPT2_1659
-2.3787076,3.3787076,gen_crystal_ProtGPT2_1660
-0.90079486,1.9007949,gen_crystal_ProtGPT2_1661
0.7635225,0.23647746,gen_crystal_ProtGPT2_1662
0.9538129,0.046187077,gen_crystal_ProtGPT2_1663
0.91338736,0.08661266,gen_crystal_ProtGPT2_1664
-1.2360971,2.236097,gen_crystal_ProtGPT2_1665
0.4082203,0.5917797,gen_crystal_ProtGPT2_1666
-1.156271,2.156271,gen_crystal_ProtGPT2_1667
-0.8815639,1.8815639,gen_crystal_ProtGPT2_1668
-2.9620059,3.9620059,gen_crystal_ProtGPT2_1669
0.922488,0.07751204,gen_crystal_ProtGPT2_1670
0.742525,0.25747505,gen_crystal_ProtGPT2_1671
-1.342098,2.342098,gen_crystal_ProtGPT2_1672
-1.6203957,2.6203957,gen_crystal_ProtGPT2_1673
-1.6696842,2.6696842,gen_crystal_ProtGPT2_1674
-1.5612066,2.5612066,gen_crystal_ProtGPT2_1675
-0.4212395,1.4212395,gen_crystal_ProtGPT2_1676
-1.2640107,2.2640107,gen_crystal_ProtGPT2_1677
-1.1372392,2.1372392,gen_crystal_ProtGPT2_1678
0.60345733,0.39654264,gen_crystal_ProtGPT2_1679
-0.61017144,1.6101714,gen_crystal_ProtGPT2_1680
-2.8837492,3.8837492,gen_crystal_ProtGPT2_1681
-0.722456,1.722456,gen_crystal_ProtGPT2_1682
-0.17315662,1.1731566,gen_crystal_ProtGPT2_1683
-1.1131535,2.1131535,gen_crystal_ProtGPT2_1684
-1.9533455,2.9533455,gen_crystal_ProtGPT2_1685
0.4706818,0.5293182,gen_crystal_ProtGPT2_1686
-0.13543367,1.1354337,gen_crystal_ProtGPT2_1687
-1.0371137,2.0371137,gen_crystal_ProtGPT2_1688
0.015931904,0.9840681,gen_crystal_ProtGPT2_1689
-0.87103605,1.871036,gen_crystal_ProtGPT2_1690
-1.7170565,2.7170565,gen_crystal_ProtGPT2_1691
0.65318704,0.34681296,gen_crystal_ProtGPT2_1692
-1.3570526,2.3570526,gen_crystal_ProtGPT2_1693
0.14008677,0.85991323,gen_crystal_ProtGPT2_1694
1.0374558,-0.037455786,gen_crystal_ProtGPT2_1695
-2.4497921,3.4497921,gen_crystal_ProtGPT2_1696
-0.5287639,1.5287639,gen_crystal_ProtGPT2_1697
-2.959232,3.959232,gen_crystal_ProtGPT2_1698
-0.44806075,1.4480608,gen_crystal_ProtGPT2_1699
0.66965115,0.33034888,gen_crystal_ProtGPT2_1700
-1.5342109,2.534211,gen_crystal_ProtGPT2_1701
-1.1380804,2.1380804,gen_crystal_ProtGPT2_1702
1.0921189,-0.09211889,gen_crystal_ProtGPT2_1703
-0.4532125,1.4532125,gen_crystal_ProtGPT2_1704
-1.4358337,2.4358337,gen_crystal_ProtGPT2_1705
-0.9419402,1.9419402,gen_crystal_ProtGPT2_1706
-3.136434,4.136434,gen_crystal_ProtGPT2_1707
-0.2368102,1.2368102,gen_crystal_ProtGPT2_1708
-0.0007698536,1.0007699,gen_crystal_ProtGPT2_1709
-0.5096506,1.5096506,gen_crystal_ProtGPT2_1710
0.43726534,0.56273466,gen_crystal_ProtGPT2_1711
-0.39844596,1.398446,gen_crystal_ProtGPT2_1712
1.3976214,-0.3976214,gen_crystal_ProtGPT2_1713
0.42664838,0.5733516,gen_crystal_ProtGPT2_1714
-0.8308357,1.8308357,gen_crystal_ProtGPT2_1715
-1.4381089,2.438109,gen_crystal_ProtGPT2_1716
-0.3097725,1.3097725,gen_crystal_ProtGPT2_1717
0.14738798,0.852612,gen_crystal_ProtGPT2_1718
1.2700477,-0.2700477,gen_crystal_ProtGPT2_1719
-2.2855039,3.2855039,gen_crystal_ProtGPT2_1720
1.9695632,-0.9695633,gen_crystal_ProtGPT2_1721
-0.20990622,1.2099062,gen_crystal_ProtGPT2_1722
0.74093866,0.25906134,gen_crystal_ProtGPT2_1723
0.21149999,0.7885,gen_crystal_ProtGPT2_1724
0.44753402,0.552466,gen_crystal_ProtGPT2_1725
0.7400879,0.25991207,gen_crystal_ProtGPT2_1726
-2.9937086,3.9937086,gen_crystal_ProtGPT2_1727
-1.0563943,2.0563943,gen_crystal_ProtGPT2_1728
1.8289912,-0.8289912,gen_crystal_ProtGPT2_1729
-1.1187582,2.1187582,gen_crystal_ProtGPT2_1730
-0.60669374,1.6066937,gen_crystal_ProtGPT2_1731
-1.2012653,2.2012653,gen_crystal_ProtGPT2_1732
-0.70937645,1.7093765,gen_crystal_ProtGPT2_1733
-2.8701599,3.8701599,gen_crystal_ProtGPT2_1734
-0.5381975,1.5381975,gen_crystal_ProtGPT2_1735
-2.7594347,3.7594347,gen_crystal_ProtGPT2_1736
0.81448686,0.18551312,gen_crystal_ProtGPT2_1737
-0.18457854,1.1845785,gen_crystal_ProtGPT2_1738
0.02137947,0.9786205,gen_crystal_ProtGPT2_1739
-0.8387935,1.8387935,gen_crystal_ProtGPT2_1740
0.5286361,0.47136393,gen_crystal_ProtGPT2_1741
0.22445291,0.7755471,gen_crystal_ProtGPT2_1742
0.39792973,0.6020703,gen_crystal_ProtGPT2_1743
-0.3957237,1.3957237,gen_crystal_ProtGPT2_1744
-0.11229515,1.1122952,gen_crystal_ProtGPT2_1745
-2.9957006,3.9957006,gen_crystal_ProtGPT2_1746
0.25835657,0.7416434,gen_crystal_ProtGPT2_1747
0.7860183,0.2139817,gen_crystal_ProtGPT2_1748
1.236867,-0.23686692,gen_crystal_ProtGPT2_1749
-2.3508108,3.3508108,gen_crystal_ProtGPT2_1750
-2.178525,3.178525,gen_crystal_ProtGPT2_1751
1.2656672,-0.26566726,gen_crystal_ProtGPT2_1752
-0.9575999,1.9575999,gen_crystal_ProtGPT2_1753
1.2804153,-0.28041524,gen_crystal_ProtGPT2_1754
-3.0601425,4.0601425,gen_crystal_ProtGPT2_1755
0.36546612,0.6345339,gen_crystal_ProtGPT2_1756
1.7382741,-0.73827404,gen_crystal_ProtGPT2_1757
-0.06930792,1.0693079,gen_crystal_ProtGPT2_1758
-2.2873616,3.2873616,gen_crystal_ProtGPT2_1759
0.025611639,0.97438836,gen_crystal_ProtGPT2_1760
-2.384504,3.384504,gen_crystal_ProtGPT2_1761
-1.767427,2.767427,gen_crystal_ProtGPT2_1762
-1.4010739,2.401074,gen_crystal_ProtGPT2_1763
0.6959998,0.3040002,gen_crystal_ProtGPT2_1764
-3.9566002,4.9566,gen_crystal_ProtGPT2_1765
0.0184232,0.9815768,gen_crystal_ProtGPT2_1766
-2.331134,3.331134,gen_crystal_ProtGPT2_1767
-2.237941,3.237941,gen_crystal_ProtGPT2_1768
-1.2751594,2.2751594,gen_crystal_ProtGPT2_1769
0.73919576,0.26080424,gen_crystal_ProtGPT2_1770
-0.57359886,1.5735989,gen_crystal_ProtGPT2_1771
0.48826015,0.51173985,gen_crystal_ProtGPT2_1772
0.14940357,0.8505964,gen_crystal_ProtGPT2_1773
-1.9956834,2.9956834,gen_crystal_ProtGPT2_1774
-2.0718374,3.0718374,gen_crystal_ProtGPT2_1775
-0.52418494,1.524185,gen_crystal_ProtGPT2_1776
-1.4494267,2.4494267,gen_crystal_ProtGPT2_1777
-2.811626,3.811626,gen_crystal_ProtGPT2_1778
1.4208617,-0.42086166,gen_crystal_ProtGPT2_1779
-0.7930491,1.7930491,gen_crystal_ProtGPT2_1780
-0.29093492,1.2909349,gen_crystal_ProtGPT2_1781
-3.2467542,4.246754,gen_crystal_ProtGPT2_1782
0.09289199,0.907108,gen_crystal_ProtGPT2_1783
-2.4008493,3.4008493,gen_crystal_ProtGPT2_1784
-2.9249244,3.9249244,gen_crystal_ProtGPT2_1785
-2.862716,3.862716,gen_crystal_ProtGPT2_1786
-1.0891576,2.0891576,gen_crystal_ProtGPT2_1787
-1.2147155,2.2147155,gen_crystal_ProtGPT2_1788
-2.2957385,3.2957385,gen_crystal_ProtGPT2_1789
-2.9679806,3.9679806,gen_crystal_ProtGPT2_1790
-0.003971219,1.0039712,gen_crystal_ProtGPT2_1791
-2.2418473,3.2418473,gen_crystal_ProtGPT2_1792
-2.7587194,3.7587194,gen_crystal_ProtGPT2_1793
-0.6042752,1.6042752,gen_crystal_ProtGPT2_1794
0.10614604,0.89385396,gen_crystal_ProtGPT2_1795
0.9570947,0.042905286,gen_crystal_ProtGPT2_1796
0.8633687,0.13663132,gen_crystal_ProtGPT2_1797
-1.3009994,2.3009994,gen_crystal_ProtGPT2_1798
-2.4755855,3.4755855,gen_crystal_ProtGPT2_1799
0.514873,0.485127,gen_crystal_ProtGPT2_1800
1.2141623,-0.21416232,gen_crystal_ProtGPT2_1801
-0.22525477,1.2252548,gen_crystal_ProtGPT2_1802
-1.2807715,2.2807715,gen_crystal_ProtGPT2_1803
-0.2936057,1.2936057,gen_crystal_ProtGPT2_1804
-1.152906,2.152906,gen_crystal_ProtGPT2_1805
-2.6692011,3.6692011,gen_crystal_ProtGPT2_1806
-1.8665402,2.8665402,gen_crystal_ProtGPT2_1807
-0.53702533,1.5370253,gen_crystal_ProtGPT2_1808
0.32156968,0.6784303,gen_crystal_ProtGPT2_1809
-1.8369977,2.8369977,gen_crystal_ProtGPT2_1810
-3.1536856,4.1536856,gen_crystal_ProtGPT2_1811
-0.1402781,1.1402781,gen_crystal_ProtGPT2_1812
0.00171417,0.99828583,gen_crystal_ProtGPT2_1813
0.37699026,0.62300974,gen_crystal_ProtGPT2_1814
-0.11927402,1.119274,gen_crystal_ProtGPT2_1815
-3.3872066,4.3872066,gen_crystal_ProtGPT2_1816
-2.0097766,3.0097766,gen_crystal_ProtGPT2_1817
-0.82229483,1.8222948,gen_crystal_ProtGPT2_1818
-0.5057986,1.5057986,gen_crystal_ProtGPT2_1819
0.5213586,0.47864136,gen_crystal_ProtGPT2_1820
-2.0911205,3.0911205,gen_crystal_ProtGPT2_1821
0.62938255,0.37061745,gen_crystal_ProtGPT2_1822
0.33683413,0.66316587,gen_crystal_ProtGPT2_1823
-2.2888815,3.2888815,gen_crystal_ProtGPT2_1824
-0.012005925,1.0120059,gen_crystal_ProtGPT2_1825
-4.047574,5.047574,gen_crystal_ProtGPT2_1826
0.35604483,0.6439552,gen_crystal_ProtGPT2_1827
-3.1295547,4.1295547,gen_crystal_ProtGPT2_1828
0.16190958,0.8380904,gen_crystal_ProtGPT2_1829
-0.14702511,1.1470251,gen_crystal_ProtGPT2_1830
0.9576341,0.042365912,gen_crystal_ProtGPT2_1831
0.30932713,0.6906729,gen_crystal_ProtGPT2_1832
1.3286247,-0.3286247,gen_crystal_ProtGPT2_1833
-0.6866113,1.6866113,gen_crystal_ProtGPT2_1834
-4.035232,5.035232,gen_crystal_ProtGPT2_1835
0.056040943,0.94395906,gen_crystal_ProtGPT2_1836
-0.882517,1.882517,gen_crystal_ProtGPT2_1837
1.2015873,-0.20158732,gen_crystal_ProtGPT2_1838
-0.98986363,1.9898636,gen_crystal_ProtGPT2_1839
-0.2400639,1.2400639,gen_crystal_ProtGPT2_1840
2.1143963,-1.1143963,gen_crystal_ProtGPT2_1841
1.1572999,-0.15729986,gen_crystal_ProtGPT2_1842
0.4664371,0.5335629,gen_crystal_ProtGPT2_1843
-1.664671,2.664671,gen_crystal_ProtGPT2_1844
0.7296295,0.27037045,gen_crystal_ProtGPT2_1845
-0.057121754,1.0571218,gen_crystal_ProtGPT2_1846
-0.54882085,1.5488209,gen_crystal_ProtGPT2_1847
-0.14847493,1.1484749,gen_crystal_ProtGPT2_1848
-0.47680783,1.4768078,gen_crystal_ProtGPT2_1849
-3.1830654,4.1830654,gen_crystal_ProtGPT2_1850
-1.8507464,2.8507464,gen_crystal_ProtGPT2_1851
-2.3003712,3.3003712,gen_crystal_ProtGPT2_1852
-2.2919893,3.2919893,gen_crystal_ProtGPT2_1853
-3.5872598,4.58726,gen_crystal_ProtGPT2_1854
1.3228443,-0.3228443,gen_crystal_ProtGPT2_1855
-0.61715996,1.61716,gen_crystal_ProtGPT2_1856
-0.032306433,1.0323064,gen_crystal_ProtGPT2_1857
-0.0971086,1.0971086,gen_crystal_ProtGPT2_1858
-0.609723,1.609723,gen_crystal_ProtGPT2_1859
-2.5510883,3.5510883,gen_crystal_ProtGPT2_1860
-1.8131015,2.8131015,gen_crystal_ProtGPT2_1861
-2.3012173,3.3012173,gen_crystal_ProtGPT2_1862
-2.2236328,3.2236328,gen_crystal_ProtGPT2_1863
-2.8178358,3.8178358,gen_crystal_ProtGPT2_1864
-0.90677893,1.9067789,gen_crystal_ProtGPT2_1865
-0.4715948,1.4715948,gen_crystal_ProtGPT2_1866
0.10794866,0.89205134,gen_crystal_ProtGPT2_1867
-2.330448,3.330448,gen_crystal_ProtGPT2_1868
0.55574906,0.4442509,gen_crystal_ProtGPT2_1869
0.16913968,0.8308603,gen_crystal_ProtGPT2_1870
-0.15182555,1.1518255,gen_crystal_ProtGPT2_1871
0.6475079,0.35249206,gen_crystal_ProtGPT2_1872
0.369497,0.630503,gen_crystal_ProtGPT2_1873
-1.573936,2.573936,gen_crystal_ProtGPT2_1874
0.0402627,0.9597373,gen_crystal_ProtGPT2_1875
-0.81863964,1.8186396,gen_crystal_ProtGPT2_1876
-2.8873227,3.8873227,gen_crystal_ProtGPT2_1877
-0.32894862,1.3289486,gen_crystal_ProtGPT2_1878
-0.77712023,1.7771202,gen_crystal_ProtGPT2_1879
-3.076591,4.076591,gen_crystal_ProtGPT2_1880
-2.7258518,3.7258518,gen_crystal_ProtGPT2_1881
-2.1132758,3.1132758,gen_crystal_ProtGPT2_1882
-1.3394728,2.3394728,gen_crystal_ProtGPT2_1883
-0.14139223,1.1413922,gen_crystal_ProtGPT2_1884
0.97996217,0.02003782,gen_crystal_ProtGPT2_1885
0.49109948,0.5089005,gen_crystal_ProtGPT2_1886
-2.75157,3.75157,gen_crystal_ProtGPT2_1887
-0.18410552,1.1841055,gen_crystal_ProtGPT2_1888
-0.4532442,1.4532442,gen_crystal_ProtGPT2_1889
-1.8570347,2.8570347,gen_crystal_ProtGPT2_1890
0.13278615,0.86721385,gen_crystal_ProtGPT2_1891
-1.7991903,2.7991903,gen_crystal_ProtGPT2_1892
-0.17756963,1.1775696,gen_crystal_ProtGPT2_1893
-2.455181,3.455181,gen_crystal_ProtGPT2_1894
-0.1619829,1.1619829,gen_crystal_ProtGPT2_1895
-1.1961908,2.1961908,gen_crystal_ProtGPT2_1896
0.563099,0.43690097,gen_crystal_ProtGPT2_1897
-2.156877,3.156877,gen_crystal_ProtGPT2_1898
0.6311846,0.36881542,gen_crystal_ProtGPT2_1899
-1.3392115,2.3392115,gen_crystal_ProtGPT2_1900
0.020191133,0.97980887,gen_crystal_ProtGPT2_1901
0.44565332,0.5543467,gen_crystal_ProtGPT2_1902
-1.4683166,2.4683166,gen_crystal_ProtGPT2_1903
1.5304626,-0.5304626,gen_crystal_ProtGPT2_1904
0.445081,0.554919,gen_crystal_ProtGPT2_1905
0.1510377,0.8489623,gen_crystal_ProtGPT2_1906
1.1484605,-0.1484605,gen_crystal_ProtGPT2_1907
-0.49003863,1.4900386,gen_crystal_ProtGPT2_1908
-2.4346137,3.4346137,gen_crystal_ProtGPT2_1909
0.34101832,0.6589817,gen_crystal_ProtGPT2_1910
0.18216676,0.81783324,gen_crystal_ProtGPT2_1911
-0.7154455,1.7154455,gen_crystal_ProtGPT2_1912
-0.122817874,1.1228179,gen_crystal_ProtGPT2_1913
-0.84072423,1.8407242,gen_crystal_ProtGPT2_1914
0.7731055,0.22689447,gen_crystal_ProtGPT2_1915
0.92522764,0.07477234,gen_crystal_ProtGPT2_1916
-1.5067189,2.5067189,gen_crystal_ProtGPT2_1917
-0.15249753,1.1524975,gen_crystal_ProtGPT2_1918
0.4737705,0.5262295,gen_crystal_ProtGPT2_1919
-3.4319115,4.4319115,gen_crystal_ProtGPT2_1920
0.5910231,0.40897688,gen_crystal_ProtGPT2_1921
-0.16580927,1.1658093,gen_crystal_ProtGPT2_1922
0.65779114,0.34220886,gen_crystal_ProtGPT2_1923
0.37359095,0.62640905,gen_crystal_ProtGPT2_1924
-0.56822324,1.5682232,gen_crystal_ProtGPT2_1925
1.003306,-0.0033060536,gen_crystal_ProtGPT2_1926
-1.408545,2.408545,gen_crystal_ProtGPT2_1927
-1.1737998,2.1737998,gen_crystal_ProtGPT2_1928
-1.3633952,2.3633952,gen_crystal_ProtGPT2_1929
-0.06787133,1.0678713,gen_crystal_ProtGPT2_1930
0.28599608,0.7140039,gen_crystal_ProtGPT2_1931
0.2908808,0.7091192,gen_crystal_ProtGPT2_1932
-0.89901805,1.899018,gen_crystal_ProtGPT2_1933
-0.1369077,1.1369077,gen_crystal_ProtGPT2_1934
-0.6661686,1.6661686,gen_crystal_ProtGPT2_1935
-2.895541,3.895541,gen_crystal_ProtGPT2_1936
0.74485,0.25515002,gen_crystal_ProtGPT2_1937
-1.7786677,2.7786677,gen_crystal_ProtGPT2_1938
0.79086727,0.20913275,gen_crystal_ProtGPT2_1939
-2.9794,3.9794,gen_crystal_ProtGPT2_1940
0.40540886,0.59459114,gen_crystal_ProtGPT2_1941
-0.67123413,1.6712341,gen_crystal_ProtGPT2_1942
-3.3418279,4.341828,gen_crystal_ProtGPT2_1943
1.0149901,-0.01499011,gen_crystal_ProtGPT2_1944
-0.7789012,1.7789012,gen_crystal_ProtGPT2_1945
0.1548155,0.8451845,gen_crystal_ProtGPT2_1946
-1.8156638,2.8156638,gen_crystal_ProtGPT2_1947
-2.0240405,3.0240405,gen_crystal_ProtGPT2_1948
-0.23402584,1.2340258,gen_crystal_ProtGPT2_1949
0.6250437,0.3749563,gen_crystal_ProtGPT2_1950
0.40087998,0.59912,gen_crystal_ProtGPT2_1951
0.41968864,0.58031136,gen_crystal_ProtGPT2_1952
-0.06900966,1.0690097,gen_crystal_ProtGPT2_1953
-1.4105282,2.4105282,gen_crystal_ProtGPT2_1954
-1.9485207,2.9485207,gen_crystal_ProtGPT2_1955
-0.17768347,1.1776835,gen_crystal_ProtGPT2_1956
-0.51366115,1.5136611,gen_crystal_ProtGPT2_1957
-0.5409727,1.5409727,gen_crystal_ProtGPT2_1958
-1.7805505,2.7805505,gen_crystal_ProtGPT2_1959
0.22093505,0.77906495,gen_crystal_ProtGPT2_1960
1.5653093,-0.5653093,gen_crystal_ProtGPT2_1961
-1.6146226,2.6146226,gen_crystal_ProtGPT2_1962
-3.3881679,4.388168,gen_crystal_ProtGPT2_1963
-3.0337934,4.0337934,gen_crystal_ProtGPT2_1964
0.9663634,0.033636607,gen_crystal_ProtGPT2_1965
-1.0066588,2.0066588,gen_crystal_ProtGPT2_1966
-1.5429988,2.5429988,gen_crystal_ProtGPT2_1967
-0.6032882,1.6032882,gen_crystal_ProtGPT2_1968
-1.9271934,2.9271934,gen_crystal_ProtGPT2_1969
1.3426268,-0.34262684,gen_crystal_ProtGPT2_1970
-0.8763566,1.8763566,gen_crystal_ProtGPT2_1971
1.84788,-0.84788,gen_crystal_ProtGPT2_1972
-0.92538965,1.9253896,gen_crystal_ProtGPT2_1973
-0.19576693,1.1957669,gen_crystal_ProtGPT2_1974
-2.1523352,3.1523352,gen_crystal_ProtGPT2_1975
-2.0875654,3.0875654,gen_crystal_ProtGPT2_1976
-0.8844321,1.8844321,gen_crystal_ProtGPT2_1977
-1.588773,2.588773,gen_crystal_ProtGPT2_1978
0.5981125,0.40188748,gen_crystal_ProtGPT2_1979
0.88132215,0.11867787,gen_crystal_ProtGPT2_1980
-2.27158,3.27158,gen_crystal_ProtGPT2_1981
-1.1474993,2.1474993,gen_crystal_ProtGPT2_1982
1.144916,-0.1449161,gen_crystal_ProtGPT2_1983
-0.9320456,1.9320456,gen_crystal_ProtGPT2_1984
-2.5702457,3.5702457,gen_crystal_ProtGPT2_1985
-0.9041542,1.9041542,gen_crystal_ProtGPT2_1986
-0.8669684,1.8669684,gen_crystal_ProtGPT2_1987
-1.6949351,2.694935,gen_crystal_ProtGPT2_1988
-2.3426046,3.3426046,gen_crystal_ProtGPT2_1989
-0.96985364,1.9698536,gen_crystal_ProtGPT2_1990
0.52087045,0.47912958,gen_crystal_ProtGPT2_1991
-1.724401,2.724401,gen_crystal_ProtGPT2_1992
0.087896645,0.91210335,gen_crystal_ProtGPT2_1993
-1.4995005,2.4995005,gen_crystal_ProtGPT2_1994
-2.1348476,3.1348476,gen_crystal_ProtGPT2_1995
0.83476496,0.16523501,gen_crystal_ProtGPT2_1996
-1.8851888,2.8851888,gen_crystal_ProtGPT2_1997
-0.48803437,1.4880344,gen_crystal_ProtGPT2_1998
-0.32539463,1.3253946,gen_crystal_ProtGPT2_1999
