Label,Class
gen_crystal_ProtGPT2_0,crystallizable
gen_crystal_ProtGPT2_1,crystallizable
gen_crystal_ProtGPT2_2,non-crystallizable
gen_crystal_ProtGPT2_3,crystallizable
gen_crystal_ProtGPT2_4,crystallizable
gen_crystal_ProtGPT2_5,crystallizable
gen_crystal_ProtGPT2_6,non-crystallizable
gen_crystal_ProtGPT2_7,non-crystallizable
gen_crystal_ProtGPT2_8,crystallizable
gen_crystal_ProtGPT2_9,non-crystallizable
gen_crystal_ProtGPT2_10,crystallizable
gen_crystal_ProtGPT2_11,crystallizable
gen_crystal_ProtGPT2_12,crystallizable
gen_crystal_ProtGPT2_13,crystallizable
gen_crystal_ProtGPT2_14,crystallizable
gen_crystal_ProtGPT2_15,non-crystallizable
gen_crystal_ProtGPT2_16,crystallizable
gen_crystal_ProtGPT2_17,crystallizable
gen_crystal_ProtGPT2_18,crystallizable
gen_crystal_ProtGPT2_19,crystallizable
gen_crystal_ProtGPT2_20,crystallizable
gen_crystal_ProtGPT2_21,non-crystallizable
gen_crystal_ProtGPT2_22,crystallizable
gen_crystal_ProtGPT2_23,crystallizable
gen_crystal_ProtGPT2_24,crystallizable
gen_crystal_ProtGPT2_25,non-crystallizable
gen_crystal_ProtGPT2_26,crystallizable
gen_crystal_ProtGPT2_27,non-crystallizable
gen_crystal_ProtGPT2_28,crystallizable
gen_crystal_ProtGPT2_29,crystallizable
gen_crystal_ProtGPT2_30,crystallizable
gen_crystal_ProtGPT2_31,crystallizable
gen_crystal_ProtGPT2_32,non-crystallizable
gen_crystal_ProtGPT2_33,crystallizable
gen_crystal_ProtGPT2_34,crystallizable
gen_crystal_ProtGPT2_35,crystallizable
gen_crystal_ProtGPT2_36,crystallizable
gen_crystal_ProtGPT2_37,crystallizable
gen_crystal_ProtGPT2_38,crystallizable
gen_crystal_ProtGPT2_39,crystallizable
gen_crystal_ProtGPT2_40,crystallizable
gen_crystal_ProtGPT2_41,crystallizable
gen_crystal_ProtGPT2_42,crystallizable
gen_crystal_ProtGPT2_43,non-crystallizable
gen_crystal_ProtGPT2_44,crystallizable
gen_crystal_ProtGPT2_45,crystallizable
gen_crystal_ProtGPT2_46,non-crystallizable
gen_crystal_ProtGPT2_47,crystallizable
gen_crystal_ProtGPT2_48,crystallizable
gen_crystal_ProtGPT2_49,non-crystallizable
gen_crystal_ProtGPT2_50,crystallizable
gen_crystal_ProtGPT2_51,non-crystallizable
gen_crystal_ProtGPT2_52,crystallizable
gen_crystal_ProtGPT2_53,crystallizable
gen_crystal_ProtGPT2_54,non-crystallizable
gen_crystal_ProtGPT2_55,crystallizable
gen_crystal_ProtGPT2_56,crystallizable
gen_crystal_ProtGPT2_57,crystallizable
gen_crystal_ProtGPT2_58,crystallizable
gen_crystal_ProtGPT2_59,crystallizable
gen_crystal_ProtGPT2_60,crystallizable
gen_crystal_ProtGPT2_61,crystallizable
gen_crystal_ProtGPT2_62,crystallizable
gen_crystal_ProtGPT2_63,non-crystallizable
gen_crystal_ProtGPT2_64,crystallizable
gen_crystal_ProtGPT2_65,crystallizable
gen_crystal_ProtGPT2_66,crystallizable
gen_crystal_ProtGPT2_67,non-crystallizable
gen_crystal_ProtGPT2_68,crystallizable
gen_crystal_ProtGPT2_69,non-crystallizable
gen_crystal_ProtGPT2_70,non-crystallizable
gen_crystal_ProtGPT2_71,crystallizable
gen_crystal_ProtGPT2_72,crystallizable
gen_crystal_ProtGPT2_73,crystallizable
gen_crystal_ProtGPT2_74,non-crystallizable
gen_crystal_ProtGPT2_75,crystallizable
gen_crystal_ProtGPT2_76,crystallizable
gen_crystal_ProtGPT2_77,crystallizable
gen_crystal_ProtGPT2_78,crystallizable
gen_crystal_ProtGPT2_79,crystallizable
gen_crystal_ProtGPT2_80,non-crystallizable
gen_crystal_ProtGPT2_81,non-crystallizable
gen_crystal_ProtGPT2_82,crystallizable
gen_crystal_ProtGPT2_83,crystallizable
gen_crystal_ProtGPT2_84,crystallizable
gen_crystal_ProtGPT2_85,crystallizable
gen_crystal_ProtGPT2_86,crystallizable
gen_crystal_ProtGPT2_87,crystallizable
gen_crystal_ProtGPT2_88,crystallizable
gen_crystal_ProtGPT2_89,non-crystallizable
gen_crystal_ProtGPT2_90,crystallizable
gen_crystal_ProtGPT2_91,crystallizable
gen_crystal_ProtGPT2_92,crystallizable
gen_crystal_ProtGPT2_93,crystallizable
gen_crystal_ProtGPT2_94,crystallizable
gen_crystal_ProtGPT2_95,crystallizable
gen_crystal_ProtGPT2_96,crystallizable
gen_crystal_ProtGPT2_97,crystallizable
gen_crystal_ProtGPT2_98,non-crystallizable
gen_crystal_ProtGPT2_99,crystallizable
gen_crystal_ProtGPT2_100,crystallizable
gen_crystal_ProtGPT2_101,non-crystallizable
gen_crystal_ProtGPT2_102,crystallizable
gen_crystal_ProtGPT2_103,crystallizable
gen_crystal_ProtGPT2_104,crystallizable
gen_crystal_ProtGPT2_105,non-crystallizable
gen_crystal_ProtGPT2_106,non-crystallizable
gen_crystal_ProtGPT2_107,crystallizable
gen_crystal_ProtGPT2_108,crystallizable
gen_crystal_ProtGPT2_109,crystallizable
gen_crystal_ProtGPT2_110,crystallizable
gen_crystal_ProtGPT2_111,crystallizable
gen_crystal_ProtGPT2_112,crystallizable
gen_crystal_ProtGPT2_113,crystallizable
gen_crystal_ProtGPT2_114,crystallizable
gen_crystal_ProtGPT2_115,non-crystallizable
gen_crystal_ProtGPT2_116,crystallizable
gen_crystal_ProtGPT2_117,non-crystallizable
gen_crystal_ProtGPT2_118,crystallizable
gen_crystal_ProtGPT2_119,non-crystallizable
gen_crystal_ProtGPT2_120,crystallizable
gen_crystal_ProtGPT2_121,crystallizable
gen_crystal_ProtGPT2_122,non-crystallizable
gen_crystal_ProtGPT2_123,crystallizable
gen_crystal_ProtGPT2_124,crystallizable
gen_crystal_ProtGPT2_125,crystallizable
gen_crystal_ProtGPT2_126,crystallizable
gen_crystal_ProtGPT2_127,crystallizable
gen_crystal_ProtGPT2_128,crystallizable
gen_crystal_ProtGPT2_129,crystallizable
gen_crystal_ProtGPT2_130,non-crystallizable
gen_crystal_ProtGPT2_131,crystallizable
gen_crystal_ProtGPT2_132,non-crystallizable
gen_crystal_ProtGPT2_133,crystallizable
gen_crystal_ProtGPT2_134,crystallizable
gen_crystal_ProtGPT2_135,crystallizable
gen_crystal_ProtGPT2_136,crystallizable
gen_crystal_ProtGPT2_137,crystallizable
gen_crystal_ProtGPT2_138,crystallizable
gen_crystal_ProtGPT2_139,non-crystallizable
gen_crystal_ProtGPT2_140,non-crystallizable
gen_crystal_ProtGPT2_141,crystallizable
gen_crystal_ProtGPT2_142,crystallizable
gen_crystal_ProtGPT2_143,crystallizable
gen_crystal_ProtGPT2_144,crystallizable
gen_crystal_ProtGPT2_145,non-crystallizable
gen_crystal_ProtGPT2_146,crystallizable
gen_crystal_ProtGPT2_147,crystallizable
gen_crystal_ProtGPT2_148,crystallizable
gen_crystal_ProtGPT2_149,crystallizable
gen_crystal_ProtGPT2_150,crystallizable
gen_crystal_ProtGPT2_151,crystallizable
gen_crystal_ProtGPT2_152,non-crystallizable
gen_crystal_ProtGPT2_153,crystallizable
gen_crystal_ProtGPT2_154,crystallizable
gen_crystal_ProtGPT2_155,crystallizable
gen_crystal_ProtGPT2_156,crystallizable
gen_crystal_ProtGPT2_157,crystallizable
gen_crystal_ProtGPT2_158,crystallizable
gen_crystal_ProtGPT2_159,crystallizable
gen_crystal_ProtGPT2_160,crystallizable
gen_crystal_ProtGPT2_161,non-crystallizable
gen_crystal_ProtGPT2_162,non-crystallizable
gen_crystal_ProtGPT2_163,crystallizable
gen_crystal_ProtGPT2_164,crystallizable
gen_crystal_ProtGPT2_165,non-crystallizable
gen_crystal_ProtGPT2_166,non-crystallizable
gen_crystal_ProtGPT2_167,crystallizable
gen_crystal_ProtGPT2_168,crystallizable
gen_crystal_ProtGPT2_169,crystallizable
gen_crystal_ProtGPT2_170,crystallizable
gen_crystal_ProtGPT2_171,crystallizable
gen_crystal_ProtGPT2_172,crystallizable
gen_crystal_ProtGPT2_173,non-crystallizable
gen_crystal_ProtGPT2_174,non-crystallizable
gen_crystal_ProtGPT2_175,crystallizable
gen_crystal_ProtGPT2_176,crystallizable
gen_crystal_ProtGPT2_177,crystallizable
gen_crystal_ProtGPT2_178,non-crystallizable
gen_crystal_ProtGPT2_179,non-crystallizable
gen_crystal_ProtGPT2_180,crystallizable
gen_crystal_ProtGPT2_181,crystallizable
gen_crystal_ProtGPT2_182,crystallizable
gen_crystal_ProtGPT2_183,crystallizable
gen_crystal_ProtGPT2_184,crystallizable
gen_crystal_ProtGPT2_185,crystallizable
gen_crystal_ProtGPT2_186,crystallizable
gen_crystal_ProtGPT2_187,crystallizable
gen_crystal_ProtGPT2_188,non-crystallizable
gen_crystal_ProtGPT2_189,crystallizable
gen_crystal_ProtGPT2_190,crystallizable
gen_crystal_ProtGPT2_191,crystallizable
gen_crystal_ProtGPT2_192,crystallizable
gen_crystal_ProtGPT2_193,non-crystallizable
gen_crystal_ProtGPT2_194,crystallizable
gen_crystal_ProtGPT2_195,crystallizable
gen_crystal_ProtGPT2_196,crystallizable
gen_crystal_ProtGPT2_197,crystallizable
gen_crystal_ProtGPT2_198,crystallizable
gen_crystal_ProtGPT2_199,crystallizable
gen_crystal_ProtGPT2_200,non-crystallizable
gen_crystal_ProtGPT2_201,non-crystallizable
gen_crystal_ProtGPT2_202,crystallizable
gen_crystal_ProtGPT2_203,non-crystallizable
gen_crystal_ProtGPT2_204,crystallizable
gen_crystal_ProtGPT2_205,crystallizable
gen_crystal_ProtGPT2_206,crystallizable
gen_crystal_ProtGPT2_207,non-crystallizable
gen_crystal_ProtGPT2_208,crystallizable
gen_crystal_ProtGPT2_209,crystallizable
gen_crystal_ProtGPT2_210,crystallizable
gen_crystal_ProtGPT2_211,crystallizable
gen_crystal_ProtGPT2_212,crystallizable
gen_crystal_ProtGPT2_213,non-crystallizable
gen_crystal_ProtGPT2_214,crystallizable
gen_crystal_ProtGPT2_215,crystallizable
gen_crystal_ProtGPT2_216,crystallizable
gen_crystal_ProtGPT2_217,crystallizable
gen_crystal_ProtGPT2_218,crystallizable
gen_crystal_ProtGPT2_219,non-crystallizable
gen_crystal_ProtGPT2_220,crystallizable
gen_crystal_ProtGPT2_221,non-crystallizable
gen_crystal_ProtGPT2_222,crystallizable
gen_crystal_ProtGPT2_223,crystallizable
gen_crystal_ProtGPT2_224,non-crystallizable
gen_crystal_ProtGPT2_225,crystallizable
gen_crystal_ProtGPT2_226,crystallizable
gen_crystal_ProtGPT2_227,crystallizable
gen_crystal_ProtGPT2_228,crystallizable
gen_crystal_ProtGPT2_229,crystallizable
gen_crystal_ProtGPT2_230,crystallizable
gen_crystal_ProtGPT2_231,crystallizable
gen_crystal_ProtGPT2_232,non-crystallizable
gen_crystal_ProtGPT2_233,non-crystallizable
gen_crystal_ProtGPT2_234,crystallizable
gen_crystal_ProtGPT2_235,crystallizable
gen_crystal_ProtGPT2_236,crystallizable
gen_crystal_ProtGPT2_237,crystallizable
gen_crystal_ProtGPT2_238,crystallizable
gen_crystal_ProtGPT2_239,non-crystallizable
gen_crystal_ProtGPT2_240,crystallizable
gen_crystal_ProtGPT2_241,crystallizable
gen_crystal_ProtGPT2_242,crystallizable
gen_crystal_ProtGPT2_243,non-crystallizable
gen_crystal_ProtGPT2_244,non-crystallizable
gen_crystal_ProtGPT2_245,crystallizable
gen_crystal_ProtGPT2_246,crystallizable
gen_crystal_ProtGPT2_247,crystallizable
gen_crystal_ProtGPT2_248,non-crystallizable
gen_crystal_ProtGPT2_249,non-crystallizable
gen_crystal_ProtGPT2_250,non-crystallizable
gen_crystal_ProtGPT2_251,crystallizable
gen_crystal_ProtGPT2_252,crystallizable
gen_crystal_ProtGPT2_253,crystallizable
gen_crystal_ProtGPT2_254,crystallizable
gen_crystal_ProtGPT2_255,non-crystallizable
gen_crystal_ProtGPT2_256,crystallizable
gen_crystal_ProtGPT2_257,non-crystallizable
gen_crystal_ProtGPT2_258,crystallizable
gen_crystal_ProtGPT2_259,crystallizable
gen_crystal_ProtGPT2_260,non-crystallizable
gen_crystal_ProtGPT2_261,non-crystallizable
gen_crystal_ProtGPT2_262,crystallizable
gen_crystal_ProtGPT2_263,crystallizable
gen_crystal_ProtGPT2_264,crystallizable
gen_crystal_ProtGPT2_265,crystallizable
gen_crystal_ProtGPT2_266,non-crystallizable
gen_crystal_ProtGPT2_267,crystallizable
gen_crystal_ProtGPT2_268,non-crystallizable
gen_crystal_ProtGPT2_269,crystallizable
gen_crystal_ProtGPT2_270,crystallizable
gen_crystal_ProtGPT2_271,crystallizable
gen_crystal_ProtGPT2_272,crystallizable
gen_crystal_ProtGPT2_273,non-crystallizable
gen_crystal_ProtGPT2_274,crystallizable
gen_crystal_ProtGPT2_275,non-crystallizable
gen_crystal_ProtGPT2_276,crystallizable
gen_crystal_ProtGPT2_277,crystallizable
gen_crystal_ProtGPT2_278,crystallizable
gen_crystal_ProtGPT2_279,crystallizable
gen_crystal_ProtGPT2_280,non-crystallizable
gen_crystal_ProtGPT2_281,crystallizable
gen_crystal_ProtGPT2_282,non-crystallizable
gen_crystal_ProtGPT2_283,crystallizable
gen_crystal_ProtGPT2_284,non-crystallizable
gen_crystal_ProtGPT2_285,non-crystallizable
gen_crystal_ProtGPT2_286,crystallizable
gen_crystal_ProtGPT2_287,non-crystallizable
gen_crystal_ProtGPT2_288,crystallizable
gen_crystal_ProtGPT2_289,crystallizable
gen_crystal_ProtGPT2_290,crystallizable
gen_crystal_ProtGPT2_291,crystallizable
gen_crystal_ProtGPT2_292,crystallizable
gen_crystal_ProtGPT2_293,crystallizable
gen_crystal_ProtGPT2_294,crystallizable
gen_crystal_ProtGPT2_295,crystallizable
gen_crystal_ProtGPT2_296,crystallizable
gen_crystal_ProtGPT2_297,crystallizable
gen_crystal_ProtGPT2_298,crystallizable
gen_crystal_ProtGPT2_299,crystallizable
gen_crystal_ProtGPT2_300,non-crystallizable
gen_crystal_ProtGPT2_301,crystallizable
gen_crystal_ProtGPT2_302,crystallizable
gen_crystal_ProtGPT2_303,non-crystallizable
gen_crystal_ProtGPT2_304,non-crystallizable
gen_crystal_ProtGPT2_305,crystallizable
gen_crystal_ProtGPT2_306,crystallizable
gen_crystal_ProtGPT2_307,non-crystallizable
gen_crystal_ProtGPT2_308,crystallizable
gen_crystal_ProtGPT2_309,non-crystallizable
gen_crystal_ProtGPT2_310,crystallizable
gen_crystal_ProtGPT2_311,crystallizable
gen_crystal_ProtGPT2_312,crystallizable
gen_crystal_ProtGPT2_313,non-crystallizable
gen_crystal_ProtGPT2_314,non-crystallizable
gen_crystal_ProtGPT2_315,non-crystallizable
gen_crystal_ProtGPT2_316,crystallizable
gen_crystal_ProtGPT2_317,crystallizable
gen_crystal_ProtGPT2_318,crystallizable
gen_crystal_ProtGPT2_319,non-crystallizable
gen_crystal_ProtGPT2_320,non-crystallizable
gen_crystal_ProtGPT2_321,crystallizable
gen_crystal_ProtGPT2_322,non-crystallizable
gen_crystal_ProtGPT2_323,non-crystallizable
gen_crystal_ProtGPT2_324,non-crystallizable
gen_crystal_ProtGPT2_325,non-crystallizable
gen_crystal_ProtGPT2_326,crystallizable
gen_crystal_ProtGPT2_327,crystallizable
gen_crystal_ProtGPT2_328,crystallizable
gen_crystal_ProtGPT2_329,crystallizable
gen_crystal_ProtGPT2_330,crystallizable
gen_crystal_ProtGPT2_331,crystallizable
gen_crystal_ProtGPT2_332,non-crystallizable
gen_crystal_ProtGPT2_333,crystallizable
gen_crystal_ProtGPT2_334,crystallizable
gen_crystal_ProtGPT2_335,non-crystallizable
gen_crystal_ProtGPT2_336,crystallizable
gen_crystal_ProtGPT2_337,crystallizable
gen_crystal_ProtGPT2_338,crystallizable
gen_crystal_ProtGPT2_339,crystallizable
gen_crystal_ProtGPT2_340,non-crystallizable
gen_crystal_ProtGPT2_341,crystallizable
gen_crystal_ProtGPT2_342,crystallizable
gen_crystal_ProtGPT2_343,crystallizable
gen_crystal_ProtGPT2_344,crystallizable
gen_crystal_ProtGPT2_345,crystallizable
gen_crystal_ProtGPT2_346,non-crystallizable
gen_crystal_ProtGPT2_347,non-crystallizable
gen_crystal_ProtGPT2_348,crystallizable
gen_crystal_ProtGPT2_349,non-crystallizable
gen_crystal_ProtGPT2_350,crystallizable
gen_crystal_ProtGPT2_351,crystallizable
gen_crystal_ProtGPT2_352,crystallizable
gen_crystal_ProtGPT2_353,crystallizable
gen_crystal_ProtGPT2_354,crystallizable
gen_crystal_ProtGPT2_355,crystallizable
gen_crystal_ProtGPT2_356,crystallizable
gen_crystal_ProtGPT2_357,non-crystallizable
gen_crystal_ProtGPT2_358,crystallizable
gen_crystal_ProtGPT2_359,crystallizable
gen_crystal_ProtGPT2_360,crystallizable
gen_crystal_ProtGPT2_361,crystallizable
gen_crystal_ProtGPT2_362,non-crystallizable
gen_crystal_ProtGPT2_363,crystallizable
gen_crystal_ProtGPT2_364,non-crystallizable
gen_crystal_ProtGPT2_365,crystallizable
gen_crystal_ProtGPT2_366,non-crystallizable
gen_crystal_ProtGPT2_367,crystallizable
gen_crystal_ProtGPT2_368,non-crystallizable
gen_crystal_ProtGPT2_369,crystallizable
gen_crystal_ProtGPT2_370,crystallizable
gen_crystal_ProtGPT2_371,crystallizable
gen_crystal_ProtGPT2_372,crystallizable
gen_crystal_ProtGPT2_373,crystallizable
gen_crystal_ProtGPT2_374,non-crystallizable
gen_crystal_ProtGPT2_375,non-crystallizable
gen_crystal_ProtGPT2_376,crystallizable
gen_crystal_ProtGPT2_377,crystallizable
gen_crystal_ProtGPT2_378,non-crystallizable
gen_crystal_ProtGPT2_379,crystallizable
gen_crystal_ProtGPT2_380,non-crystallizable
gen_crystal_ProtGPT2_381,non-crystallizable
gen_crystal_ProtGPT2_382,crystallizable
gen_crystal_ProtGPT2_383,crystallizable
gen_crystal_ProtGPT2_384,crystallizable
gen_crystal_ProtGPT2_385,non-crystallizable
gen_crystal_ProtGPT2_386,crystallizable
gen_crystal_ProtGPT2_387,crystallizable
gen_crystal_ProtGPT2_388,crystallizable
gen_crystal_ProtGPT2_389,non-crystallizable
gen_crystal_ProtGPT2_390,non-crystallizable
gen_crystal_ProtGPT2_391,crystallizable
gen_crystal_ProtGPT2_392,crystallizable
gen_crystal_ProtGPT2_393,non-crystallizable
gen_crystal_ProtGPT2_394,crystallizable
gen_crystal_ProtGPT2_395,crystallizable
gen_crystal_ProtGPT2_396,crystallizable
gen_crystal_ProtGPT2_397,crystallizable
gen_crystal_ProtGPT2_398,crystallizable
gen_crystal_ProtGPT2_399,crystallizable
gen_crystal_ProtGPT2_400,crystallizable
gen_crystal_ProtGPT2_401,crystallizable
gen_crystal_ProtGPT2_402,non-crystallizable
gen_crystal_ProtGPT2_403,crystallizable
gen_crystal_ProtGPT2_404,crystallizable
gen_crystal_ProtGPT2_405,crystallizable
gen_crystal_ProtGPT2_406,crystallizable
gen_crystal_ProtGPT2_407,crystallizable
gen_crystal_ProtGPT2_408,crystallizable
gen_crystal_ProtGPT2_409,non-crystallizable
gen_crystal_ProtGPT2_410,crystallizable
gen_crystal_ProtGPT2_411,crystallizable
gen_crystal_ProtGPT2_412,crystallizable
gen_crystal_ProtGPT2_413,crystallizable
gen_crystal_ProtGPT2_414,crystallizable
gen_crystal_ProtGPT2_415,crystallizable
gen_crystal_ProtGPT2_416,crystallizable
gen_crystal_ProtGPT2_417,non-crystallizable
gen_crystal_ProtGPT2_418,non-crystallizable
gen_crystal_ProtGPT2_419,crystallizable
gen_crystal_ProtGPT2_420,crystallizable
gen_crystal_ProtGPT2_421,crystallizable
gen_crystal_ProtGPT2_422,crystallizable
gen_crystal_ProtGPT2_423,non-crystallizable
gen_crystal_ProtGPT2_424,crystallizable
gen_crystal_ProtGPT2_425,crystallizable
gen_crystal_ProtGPT2_426,non-crystallizable
gen_crystal_ProtGPT2_427,crystallizable
gen_crystal_ProtGPT2_428,non-crystallizable
gen_crystal_ProtGPT2_429,crystallizable
gen_crystal_ProtGPT2_430,non-crystallizable
gen_crystal_ProtGPT2_431,non-crystallizable
gen_crystal_ProtGPT2_432,crystallizable
gen_crystal_ProtGPT2_433,crystallizable
gen_crystal_ProtGPT2_434,crystallizable
gen_crystal_ProtGPT2_435,crystallizable
gen_crystal_ProtGPT2_436,crystallizable
gen_crystal_ProtGPT2_437,crystallizable
gen_crystal_ProtGPT2_438,crystallizable
gen_crystal_ProtGPT2_439,crystallizable
gen_crystal_ProtGPT2_440,crystallizable
gen_crystal_ProtGPT2_441,non-crystallizable
gen_crystal_ProtGPT2_442,non-crystallizable
gen_crystal_ProtGPT2_443,crystallizable
gen_crystal_ProtGPT2_444,crystallizable
gen_crystal_ProtGPT2_445,non-crystallizable
gen_crystal_ProtGPT2_446,crystallizable
gen_crystal_ProtGPT2_447,crystallizable
gen_crystal_ProtGPT2_448,crystallizable
gen_crystal_ProtGPT2_449,non-crystallizable
gen_crystal_ProtGPT2_450,non-crystallizable
gen_crystal_ProtGPT2_451,crystallizable
gen_crystal_ProtGPT2_452,non-crystallizable
gen_crystal_ProtGPT2_453,crystallizable
gen_crystal_ProtGPT2_454,crystallizable
gen_crystal_ProtGPT2_455,crystallizable
gen_crystal_ProtGPT2_456,crystallizable
gen_crystal_ProtGPT2_457,crystallizable
gen_crystal_ProtGPT2_458,crystallizable
gen_crystal_ProtGPT2_459,crystallizable
gen_crystal_ProtGPT2_460,crystallizable
gen_crystal_ProtGPT2_461,crystallizable
gen_crystal_ProtGPT2_462,crystallizable
gen_crystal_ProtGPT2_463,crystallizable
gen_crystal_ProtGPT2_464,crystallizable
gen_crystal_ProtGPT2_465,non-crystallizable
gen_crystal_ProtGPT2_466,crystallizable
gen_crystal_ProtGPT2_467,crystallizable
gen_crystal_ProtGPT2_468,crystallizable
gen_crystal_ProtGPT2_469,crystallizable
gen_crystal_ProtGPT2_470,crystallizable
gen_crystal_ProtGPT2_471,non-crystallizable
gen_crystal_ProtGPT2_472,crystallizable
gen_crystal_ProtGPT2_473,non-crystallizable
gen_crystal_ProtGPT2_474,crystallizable
gen_crystal_ProtGPT2_475,crystallizable
gen_crystal_ProtGPT2_476,non-crystallizable
gen_crystal_ProtGPT2_477,non-crystallizable
gen_crystal_ProtGPT2_478,crystallizable
gen_crystal_ProtGPT2_479,non-crystallizable
gen_crystal_ProtGPT2_480,crystallizable
gen_crystal_ProtGPT2_481,crystallizable
gen_crystal_ProtGPT2_482,crystallizable
gen_crystal_ProtGPT2_483,crystallizable
gen_crystal_ProtGPT2_484,non-crystallizable
gen_crystal_ProtGPT2_485,crystallizable
gen_crystal_ProtGPT2_486,crystallizable
gen_crystal_ProtGPT2_487,crystallizable
gen_crystal_ProtGPT2_488,crystallizable
gen_crystal_ProtGPT2_489,crystallizable
gen_crystal_ProtGPT2_490,crystallizable
gen_crystal_ProtGPT2_491,crystallizable
gen_crystal_ProtGPT2_492,non-crystallizable
gen_crystal_ProtGPT2_493,crystallizable
gen_crystal_ProtGPT2_494,crystallizable
gen_crystal_ProtGPT2_495,crystallizable
gen_crystal_ProtGPT2_496,crystallizable
gen_crystal_ProtGPT2_497,crystallizable
gen_crystal_ProtGPT2_498,crystallizable
gen_crystal_ProtGPT2_499,crystallizable
gen_crystal_ProtGPT2_500,crystallizable
gen_crystal_ProtGPT2_501,crystallizable
gen_crystal_ProtGPT2_502,crystallizable
gen_crystal_ProtGPT2_503,crystallizable
gen_crystal_ProtGPT2_504,crystallizable
gen_crystal_ProtGPT2_505,crystallizable
gen_crystal_ProtGPT2_506,crystallizable
gen_crystal_ProtGPT2_507,crystallizable
gen_crystal_ProtGPT2_508,crystallizable
gen_crystal_ProtGPT2_509,crystallizable
gen_crystal_ProtGPT2_510,non-crystallizable
gen_crystal_ProtGPT2_511,crystallizable
gen_crystal_ProtGPT2_512,crystallizable
gen_crystal_ProtGPT2_513,crystallizable
gen_crystal_ProtGPT2_514,crystallizable
gen_crystal_ProtGPT2_515,crystallizable
gen_crystal_ProtGPT2_516,crystallizable
gen_crystal_ProtGPT2_517,crystallizable
gen_crystal_ProtGPT2_518,crystallizable
gen_crystal_ProtGPT2_519,non-crystallizable
gen_crystal_ProtGPT2_520,crystallizable
gen_crystal_ProtGPT2_521,non-crystallizable
gen_crystal_ProtGPT2_522,crystallizable
gen_crystal_ProtGPT2_523,crystallizable
gen_crystal_ProtGPT2_524,non-crystallizable
gen_crystal_ProtGPT2_525,crystallizable
gen_crystal_ProtGPT2_526,crystallizable
gen_crystal_ProtGPT2_527,crystallizable
gen_crystal_ProtGPT2_528,crystallizable
gen_crystal_ProtGPT2_529,crystallizable
gen_crystal_ProtGPT2_530,crystallizable
gen_crystal_ProtGPT2_531,crystallizable
gen_crystal_ProtGPT2_532,crystallizable
gen_crystal_ProtGPT2_533,crystallizable
gen_crystal_ProtGPT2_534,crystallizable
gen_crystal_ProtGPT2_535,non-crystallizable
gen_crystal_ProtGPT2_536,non-crystallizable
gen_crystal_ProtGPT2_537,crystallizable
gen_crystal_ProtGPT2_538,crystallizable
gen_crystal_ProtGPT2_539,crystallizable
gen_crystal_ProtGPT2_540,crystallizable
gen_crystal_ProtGPT2_541,non-crystallizable
gen_crystal_ProtGPT2_542,non-crystallizable
gen_crystal_ProtGPT2_543,crystallizable
gen_crystal_ProtGPT2_544,crystallizable
gen_crystal_ProtGPT2_545,non-crystallizable
gen_crystal_ProtGPT2_546,crystallizable
gen_crystal_ProtGPT2_547,crystallizable
gen_crystal_ProtGPT2_548,non-crystallizable
gen_crystal_ProtGPT2_549,crystallizable
gen_crystal_ProtGPT2_550,crystallizable
gen_crystal_ProtGPT2_551,crystallizable
gen_crystal_ProtGPT2_552,non-crystallizable
gen_crystal_ProtGPT2_553,non-crystallizable
gen_crystal_ProtGPT2_554,crystallizable
gen_crystal_ProtGPT2_555,non-crystallizable
gen_crystal_ProtGPT2_556,crystallizable
gen_crystal_ProtGPT2_557,crystallizable
gen_crystal_ProtGPT2_558,crystallizable
gen_crystal_ProtGPT2_559,crystallizable
gen_crystal_ProtGPT2_560,crystallizable
gen_crystal_ProtGPT2_561,crystallizable
gen_crystal_ProtGPT2_562,crystallizable
gen_crystal_ProtGPT2_563,crystallizable
gen_crystal_ProtGPT2_564,non-crystallizable
gen_crystal_ProtGPT2_565,crystallizable
gen_crystal_ProtGPT2_566,non-crystallizable
gen_crystal_ProtGPT2_567,non-crystallizable
gen_crystal_ProtGPT2_568,crystallizable
gen_crystal_ProtGPT2_569,non-crystallizable
gen_crystal_ProtGPT2_570,crystallizable
gen_crystal_ProtGPT2_571,crystallizable
gen_crystal_ProtGPT2_572,crystallizable
gen_crystal_ProtGPT2_573,crystallizable
gen_crystal_ProtGPT2_574,crystallizable
gen_crystal_ProtGPT2_575,non-crystallizable
gen_crystal_ProtGPT2_576,crystallizable
gen_crystal_ProtGPT2_577,crystallizable
gen_crystal_ProtGPT2_578,crystallizable
gen_crystal_ProtGPT2_579,crystallizable
gen_crystal_ProtGPT2_580,crystallizable
gen_crystal_ProtGPT2_581,crystallizable
gen_crystal_ProtGPT2_582,crystallizable
gen_crystal_ProtGPT2_583,crystallizable
gen_crystal_ProtGPT2_584,crystallizable
gen_crystal_ProtGPT2_585,crystallizable
gen_crystal_ProtGPT2_586,non-crystallizable
gen_crystal_ProtGPT2_587,crystallizable
gen_crystal_ProtGPT2_588,non-crystallizable
gen_crystal_ProtGPT2_589,crystallizable
gen_crystal_ProtGPT2_590,crystallizable
gen_crystal_ProtGPT2_591,crystallizable
gen_crystal_ProtGPT2_592,non-crystallizable
gen_crystal_ProtGPT2_593,non-crystallizable
gen_crystal_ProtGPT2_594,crystallizable
gen_crystal_ProtGPT2_595,crystallizable
gen_crystal_ProtGPT2_596,crystallizable
gen_crystal_ProtGPT2_597,crystallizable
gen_crystal_ProtGPT2_598,non-crystallizable
gen_crystal_ProtGPT2_599,crystallizable
gen_crystal_ProtGPT2_600,crystallizable
gen_crystal_ProtGPT2_601,crystallizable
gen_crystal_ProtGPT2_602,crystallizable
gen_crystal_ProtGPT2_603,crystallizable
gen_crystal_ProtGPT2_604,crystallizable
gen_crystal_ProtGPT2_605,non-crystallizable
gen_crystal_ProtGPT2_606,crystallizable
gen_crystal_ProtGPT2_607,crystallizable
gen_crystal_ProtGPT2_608,non-crystallizable
gen_crystal_ProtGPT2_609,non-crystallizable
gen_crystal_ProtGPT2_610,non-crystallizable
gen_crystal_ProtGPT2_611,crystallizable
gen_crystal_ProtGPT2_612,non-crystallizable
gen_crystal_ProtGPT2_613,crystallizable
gen_crystal_ProtGPT2_614,non-crystallizable
gen_crystal_ProtGPT2_615,crystallizable
gen_crystal_ProtGPT2_616,non-crystallizable
gen_crystal_ProtGPT2_617,crystallizable
gen_crystal_ProtGPT2_618,crystallizable
gen_crystal_ProtGPT2_619,non-crystallizable
gen_crystal_ProtGPT2_620,crystallizable
gen_crystal_ProtGPT2_621,crystallizable
gen_crystal_ProtGPT2_622,crystallizable
gen_crystal_ProtGPT2_623,crystallizable
gen_crystal_ProtGPT2_624,non-crystallizable
gen_crystal_ProtGPT2_625,crystallizable
gen_crystal_ProtGPT2_626,crystallizable
gen_crystal_ProtGPT2_627,non-crystallizable
gen_crystal_ProtGPT2_628,crystallizable
gen_crystal_ProtGPT2_629,non-crystallizable
gen_crystal_ProtGPT2_630,crystallizable
gen_crystal_ProtGPT2_631,crystallizable
gen_crystal_ProtGPT2_632,non-crystallizable
gen_crystal_ProtGPT2_633,non-crystallizable
gen_crystal_ProtGPT2_634,crystallizable
gen_crystal_ProtGPT2_635,crystallizable
gen_crystal_ProtGPT2_636,non-crystallizable
gen_crystal_ProtGPT2_637,crystallizable
gen_crystal_ProtGPT2_638,non-crystallizable
gen_crystal_ProtGPT2_639,crystallizable
gen_crystal_ProtGPT2_640,crystallizable
gen_crystal_ProtGPT2_641,crystallizable
gen_crystal_ProtGPT2_642,non-crystallizable
gen_crystal_ProtGPT2_643,non-crystallizable
gen_crystal_ProtGPT2_644,crystallizable
gen_crystal_ProtGPT2_645,crystallizable
gen_crystal_ProtGPT2_646,crystallizable
gen_crystal_ProtGPT2_647,crystallizable
gen_crystal_ProtGPT2_648,crystallizable
gen_crystal_ProtGPT2_649,non-crystallizable
gen_crystal_ProtGPT2_650,crystallizable
gen_crystal_ProtGPT2_651,crystallizable
gen_crystal_ProtGPT2_652,crystallizable
gen_crystal_ProtGPT2_653,non-crystallizable
gen_crystal_ProtGPT2_654,non-crystallizable
gen_crystal_ProtGPT2_655,crystallizable
gen_crystal_ProtGPT2_656,crystallizable
gen_crystal_ProtGPT2_657,crystallizable
gen_crystal_ProtGPT2_658,crystallizable
gen_crystal_ProtGPT2_659,crystallizable
gen_crystal_ProtGPT2_660,non-crystallizable
gen_crystal_ProtGPT2_661,crystallizable
gen_crystal_ProtGPT2_662,non-crystallizable
gen_crystal_ProtGPT2_663,crystallizable
gen_crystal_ProtGPT2_664,crystallizable
gen_crystal_ProtGPT2_665,crystallizable
gen_crystal_ProtGPT2_666,non-crystallizable
gen_crystal_ProtGPT2_667,non-crystallizable
gen_crystal_ProtGPT2_668,crystallizable
gen_crystal_ProtGPT2_669,crystallizable
gen_crystal_ProtGPT2_670,crystallizable
gen_crystal_ProtGPT2_671,non-crystallizable
gen_crystal_ProtGPT2_672,crystallizable
gen_crystal_ProtGPT2_673,crystallizable
gen_crystal_ProtGPT2_674,crystallizable
gen_crystal_ProtGPT2_675,crystallizable
gen_crystal_ProtGPT2_676,crystallizable
gen_crystal_ProtGPT2_677,non-crystallizable
gen_crystal_ProtGPT2_678,crystallizable
gen_crystal_ProtGPT2_679,non-crystallizable
gen_crystal_ProtGPT2_680,crystallizable
gen_crystal_ProtGPT2_681,crystallizable
gen_crystal_ProtGPT2_682,crystallizable
gen_crystal_ProtGPT2_683,non-crystallizable
gen_crystal_ProtGPT2_684,crystallizable
gen_crystal_ProtGPT2_685,crystallizable
gen_crystal_ProtGPT2_686,crystallizable
gen_crystal_ProtGPT2_687,crystallizable
gen_crystal_ProtGPT2_688,non-crystallizable
gen_crystal_ProtGPT2_689,non-crystallizable
gen_crystal_ProtGPT2_690,crystallizable
gen_crystal_ProtGPT2_691,non-crystallizable
gen_crystal_ProtGPT2_692,crystallizable
gen_crystal_ProtGPT2_693,non-crystallizable
gen_crystal_ProtGPT2_694,crystallizable
gen_crystal_ProtGPT2_695,non-crystallizable
gen_crystal_ProtGPT2_696,crystallizable
gen_crystal_ProtGPT2_697,crystallizable
gen_crystal_ProtGPT2_698,non-crystallizable
gen_crystal_ProtGPT2_699,crystallizable
gen_crystal_ProtGPT2_700,crystallizable
gen_crystal_ProtGPT2_701,crystallizable
gen_crystal_ProtGPT2_702,crystallizable
gen_crystal_ProtGPT2_703,crystallizable
gen_crystal_ProtGPT2_704,crystallizable
gen_crystal_ProtGPT2_705,crystallizable
gen_crystal_ProtGPT2_706,crystallizable
gen_crystal_ProtGPT2_707,crystallizable
gen_crystal_ProtGPT2_708,crystallizable
gen_crystal_ProtGPT2_709,crystallizable
gen_crystal_ProtGPT2_710,crystallizable
gen_crystal_ProtGPT2_711,crystallizable
gen_crystal_ProtGPT2_712,non-crystallizable
gen_crystal_ProtGPT2_713,crystallizable
gen_crystal_ProtGPT2_714,crystallizable
gen_crystal_ProtGPT2_715,crystallizable
gen_crystal_ProtGPT2_716,non-crystallizable
gen_crystal_ProtGPT2_717,crystallizable
gen_crystal_ProtGPT2_718,crystallizable
gen_crystal_ProtGPT2_719,crystallizable
gen_crystal_ProtGPT2_720,non-crystallizable
gen_crystal_ProtGPT2_721,crystallizable
gen_crystal_ProtGPT2_722,crystallizable
gen_crystal_ProtGPT2_723,non-crystallizable
gen_crystal_ProtGPT2_724,crystallizable
gen_crystal_ProtGPT2_725,non-crystallizable
gen_crystal_ProtGPT2_726,crystallizable
gen_crystal_ProtGPT2_727,non-crystallizable
gen_crystal_ProtGPT2_728,non-crystallizable
gen_crystal_ProtGPT2_729,crystallizable
gen_crystal_ProtGPT2_730,crystallizable
gen_crystal_ProtGPT2_731,crystallizable
gen_crystal_ProtGPT2_732,crystallizable
gen_crystal_ProtGPT2_733,crystallizable
gen_crystal_ProtGPT2_734,crystallizable
gen_crystal_ProtGPT2_735,crystallizable
gen_crystal_ProtGPT2_736,crystallizable
gen_crystal_ProtGPT2_737,crystallizable
gen_crystal_ProtGPT2_738,crystallizable
gen_crystal_ProtGPT2_739,crystallizable
gen_crystal_ProtGPT2_740,crystallizable
gen_crystal_ProtGPT2_741,non-crystallizable
gen_crystal_ProtGPT2_742,crystallizable
gen_crystal_ProtGPT2_743,crystallizable
gen_crystal_ProtGPT2_744,crystallizable
gen_crystal_ProtGPT2_745,crystallizable
gen_crystal_ProtGPT2_746,crystallizable
gen_crystal_ProtGPT2_747,crystallizable
gen_crystal_ProtGPT2_748,crystallizable
gen_crystal_ProtGPT2_749,crystallizable
gen_crystal_ProtGPT2_750,crystallizable
gen_crystal_ProtGPT2_751,crystallizable
gen_crystal_ProtGPT2_752,crystallizable
gen_crystal_ProtGPT2_753,crystallizable
gen_crystal_ProtGPT2_754,crystallizable
gen_crystal_ProtGPT2_755,crystallizable
gen_crystal_ProtGPT2_756,non-crystallizable
gen_crystal_ProtGPT2_757,crystallizable
gen_crystal_ProtGPT2_758,crystallizable
gen_crystal_ProtGPT2_759,crystallizable
gen_crystal_ProtGPT2_760,non-crystallizable
gen_crystal_ProtGPT2_761,crystallizable
gen_crystal_ProtGPT2_762,crystallizable
gen_crystal_ProtGPT2_763,crystallizable
gen_crystal_ProtGPT2_764,crystallizable
gen_crystal_ProtGPT2_765,crystallizable
gen_crystal_ProtGPT2_766,crystallizable
gen_crystal_ProtGPT2_767,crystallizable
gen_crystal_ProtGPT2_768,non-crystallizable
gen_crystal_ProtGPT2_769,crystallizable
gen_crystal_ProtGPT2_770,crystallizable
gen_crystal_ProtGPT2_771,crystallizable
gen_crystal_ProtGPT2_772,crystallizable
gen_crystal_ProtGPT2_773,crystallizable
gen_crystal_ProtGPT2_774,crystallizable
gen_crystal_ProtGPT2_775,crystallizable
gen_crystal_ProtGPT2_776,crystallizable
gen_crystal_ProtGPT2_777,crystallizable
gen_crystal_ProtGPT2_778,non-crystallizable
gen_crystal_ProtGPT2_779,non-crystallizable
gen_crystal_ProtGPT2_780,non-crystallizable
gen_crystal_ProtGPT2_781,crystallizable
gen_crystal_ProtGPT2_782,crystallizable
gen_crystal_ProtGPT2_783,non-crystallizable
gen_crystal_ProtGPT2_784,crystallizable
gen_crystal_ProtGPT2_785,non-crystallizable
gen_crystal_ProtGPT2_786,crystallizable
gen_crystal_ProtGPT2_787,crystallizable
gen_crystal_ProtGPT2_788,crystallizable
gen_crystal_ProtGPT2_789,crystallizable
gen_crystal_ProtGPT2_790,crystallizable
gen_crystal_ProtGPT2_791,crystallizable
gen_crystal_ProtGPT2_792,crystallizable
gen_crystal_ProtGPT2_793,crystallizable
gen_crystal_ProtGPT2_794,crystallizable
gen_crystal_ProtGPT2_795,crystallizable
gen_crystal_ProtGPT2_796,crystallizable
gen_crystal_ProtGPT2_797,crystallizable
gen_crystal_ProtGPT2_798,crystallizable
gen_crystal_ProtGPT2_799,crystallizable
gen_crystal_ProtGPT2_800,crystallizable
gen_crystal_ProtGPT2_801,crystallizable
gen_crystal_ProtGPT2_802,crystallizable
gen_crystal_ProtGPT2_803,crystallizable
gen_crystal_ProtGPT2_804,non-crystallizable
gen_crystal_ProtGPT2_805,crystallizable
gen_crystal_ProtGPT2_806,crystallizable
gen_crystal_ProtGPT2_807,crystallizable
gen_crystal_ProtGPT2_808,crystallizable
gen_crystal_ProtGPT2_809,non-crystallizable
gen_crystal_ProtGPT2_810,crystallizable
gen_crystal_ProtGPT2_811,crystallizable
gen_crystal_ProtGPT2_812,crystallizable
gen_crystal_ProtGPT2_813,crystallizable
gen_crystal_ProtGPT2_814,crystallizable
gen_crystal_ProtGPT2_815,crystallizable
gen_crystal_ProtGPT2_816,crystallizable
gen_crystal_ProtGPT2_817,crystallizable
gen_crystal_ProtGPT2_818,non-crystallizable
gen_crystal_ProtGPT2_819,non-crystallizable
gen_crystal_ProtGPT2_820,crystallizable
gen_crystal_ProtGPT2_821,crystallizable
gen_crystal_ProtGPT2_822,non-crystallizable
gen_crystal_ProtGPT2_823,non-crystallizable
gen_crystal_ProtGPT2_824,non-crystallizable
gen_crystal_ProtGPT2_825,non-crystallizable
gen_crystal_ProtGPT2_826,non-crystallizable
gen_crystal_ProtGPT2_827,crystallizable
gen_crystal_ProtGPT2_828,non-crystallizable
gen_crystal_ProtGPT2_829,crystallizable
gen_crystal_ProtGPT2_830,crystallizable
gen_crystal_ProtGPT2_831,non-crystallizable
gen_crystal_ProtGPT2_832,crystallizable
gen_crystal_ProtGPT2_833,non-crystallizable
gen_crystal_ProtGPT2_834,crystallizable
gen_crystal_ProtGPT2_835,crystallizable
gen_crystal_ProtGPT2_836,crystallizable
gen_crystal_ProtGPT2_837,crystallizable
gen_crystal_ProtGPT2_838,non-crystallizable
gen_crystal_ProtGPT2_839,crystallizable
gen_crystal_ProtGPT2_840,crystallizable
gen_crystal_ProtGPT2_841,crystallizable
gen_crystal_ProtGPT2_842,crystallizable
gen_crystal_ProtGPT2_843,crystallizable
gen_crystal_ProtGPT2_844,crystallizable
gen_crystal_ProtGPT2_845,crystallizable
gen_crystal_ProtGPT2_846,crystallizable
gen_crystal_ProtGPT2_847,non-crystallizable
gen_crystal_ProtGPT2_848,crystallizable
gen_crystal_ProtGPT2_849,crystallizable
gen_crystal_ProtGPT2_850,non-crystallizable
gen_crystal_ProtGPT2_851,crystallizable
gen_crystal_ProtGPT2_852,crystallizable
gen_crystal_ProtGPT2_853,non-crystallizable
gen_crystal_ProtGPT2_854,non-crystallizable
gen_crystal_ProtGPT2_855,crystallizable
gen_crystal_ProtGPT2_856,crystallizable
gen_crystal_ProtGPT2_857,crystallizable
gen_crystal_ProtGPT2_858,non-crystallizable
gen_crystal_ProtGPT2_859,crystallizable
gen_crystal_ProtGPT2_860,crystallizable
gen_crystal_ProtGPT2_861,crystallizable
gen_crystal_ProtGPT2_862,crystallizable
gen_crystal_ProtGPT2_863,crystallizable
gen_crystal_ProtGPT2_864,crystallizable
gen_crystal_ProtGPT2_865,crystallizable
gen_crystal_ProtGPT2_866,crystallizable
gen_crystal_ProtGPT2_867,crystallizable
gen_crystal_ProtGPT2_868,crystallizable
gen_crystal_ProtGPT2_869,crystallizable
gen_crystal_ProtGPT2_870,crystallizable
gen_crystal_ProtGPT2_871,crystallizable
gen_crystal_ProtGPT2_872,crystallizable
gen_crystal_ProtGPT2_873,crystallizable
gen_crystal_ProtGPT2_874,crystallizable
gen_crystal_ProtGPT2_875,crystallizable
gen_crystal_ProtGPT2_876,crystallizable
gen_crystal_ProtGPT2_877,crystallizable
gen_crystal_ProtGPT2_878,non-crystallizable
gen_crystal_ProtGPT2_879,crystallizable
gen_crystal_ProtGPT2_880,crystallizable
gen_crystal_ProtGPT2_881,crystallizable
gen_crystal_ProtGPT2_882,crystallizable
gen_crystal_ProtGPT2_883,crystallizable
gen_crystal_ProtGPT2_884,crystallizable
gen_crystal_ProtGPT2_885,crystallizable
gen_crystal_ProtGPT2_886,non-crystallizable
gen_crystal_ProtGPT2_887,non-crystallizable
gen_crystal_ProtGPT2_888,non-crystallizable
gen_crystal_ProtGPT2_889,crystallizable
gen_crystal_ProtGPT2_890,crystallizable
gen_crystal_ProtGPT2_891,non-crystallizable
gen_crystal_ProtGPT2_892,crystallizable
gen_crystal_ProtGPT2_893,non-crystallizable
gen_crystal_ProtGPT2_894,crystallizable
gen_crystal_ProtGPT2_895,crystallizable
gen_crystal_ProtGPT2_896,crystallizable
gen_crystal_ProtGPT2_897,non-crystallizable
gen_crystal_ProtGPT2_898,crystallizable
gen_crystal_ProtGPT2_899,non-crystallizable
gen_crystal_ProtGPT2_900,crystallizable
gen_crystal_ProtGPT2_901,crystallizable
gen_crystal_ProtGPT2_902,crystallizable
gen_crystal_ProtGPT2_903,non-crystallizable
gen_crystal_ProtGPT2_904,crystallizable
gen_crystal_ProtGPT2_905,crystallizable
gen_crystal_ProtGPT2_906,crystallizable
gen_crystal_ProtGPT2_907,crystallizable
gen_crystal_ProtGPT2_908,crystallizable
gen_crystal_ProtGPT2_909,non-crystallizable
gen_crystal_ProtGPT2_910,non-crystallizable
gen_crystal_ProtGPT2_911,crystallizable
gen_crystal_ProtGPT2_912,crystallizable
gen_crystal_ProtGPT2_913,crystallizable
gen_crystal_ProtGPT2_914,crystallizable
gen_crystal_ProtGPT2_915,non-crystallizable
gen_crystal_ProtGPT2_916,crystallizable
gen_crystal_ProtGPT2_917,crystallizable
gen_crystal_ProtGPT2_918,non-crystallizable
gen_crystal_ProtGPT2_919,crystallizable
gen_crystal_ProtGPT2_920,non-crystallizable
gen_crystal_ProtGPT2_921,crystallizable
gen_crystal_ProtGPT2_922,crystallizable
gen_crystal_ProtGPT2_923,non-crystallizable
gen_crystal_ProtGPT2_924,crystallizable
gen_crystal_ProtGPT2_925,crystallizable
gen_crystal_ProtGPT2_926,crystallizable
gen_crystal_ProtGPT2_927,non-crystallizable
gen_crystal_ProtGPT2_928,crystallizable
gen_crystal_ProtGPT2_929,non-crystallizable
gen_crystal_ProtGPT2_930,non-crystallizable
gen_crystal_ProtGPT2_931,non-crystallizable
gen_crystal_ProtGPT2_932,crystallizable
gen_crystal_ProtGPT2_933,crystallizable
gen_crystal_ProtGPT2_934,crystallizable
gen_crystal_ProtGPT2_935,non-crystallizable
gen_crystal_ProtGPT2_936,crystallizable
gen_crystal_ProtGPT2_937,non-crystallizable
gen_crystal_ProtGPT2_938,crystallizable
gen_crystal_ProtGPT2_939,crystallizable
gen_crystal_ProtGPT2_940,non-crystallizable
gen_crystal_ProtGPT2_941,crystallizable
gen_crystal_ProtGPT2_942,crystallizable
gen_crystal_ProtGPT2_943,crystallizable
gen_crystal_ProtGPT2_944,crystallizable
gen_crystal_ProtGPT2_945,crystallizable
gen_crystal_ProtGPT2_946,crystallizable
gen_crystal_ProtGPT2_947,crystallizable
gen_crystal_ProtGPT2_948,non-crystallizable
gen_crystal_ProtGPT2_949,crystallizable
gen_crystal_ProtGPT2_950,non-crystallizable
gen_crystal_ProtGPT2_951,crystallizable
gen_crystal_ProtGPT2_952,crystallizable
gen_crystal_ProtGPT2_953,crystallizable
gen_crystal_ProtGPT2_954,crystallizable
gen_crystal_ProtGPT2_955,crystallizable
gen_crystal_ProtGPT2_956,non-crystallizable
gen_crystal_ProtGPT2_957,non-crystallizable
gen_crystal_ProtGPT2_958,crystallizable
gen_crystal_ProtGPT2_959,non-crystallizable
gen_crystal_ProtGPT2_960,crystallizable
gen_crystal_ProtGPT2_961,non-crystallizable
gen_crystal_ProtGPT2_962,crystallizable
gen_crystal_ProtGPT2_963,crystallizable
gen_crystal_ProtGPT2_964,crystallizable
gen_crystal_ProtGPT2_965,crystallizable
gen_crystal_ProtGPT2_966,non-crystallizable
gen_crystal_ProtGPT2_967,crystallizable
gen_crystal_ProtGPT2_968,crystallizable
gen_crystal_ProtGPT2_969,crystallizable
gen_crystal_ProtGPT2_970,crystallizable
gen_crystal_ProtGPT2_971,crystallizable
gen_crystal_ProtGPT2_972,crystallizable
gen_crystal_ProtGPT2_973,non-crystallizable
gen_crystal_ProtGPT2_974,crystallizable
gen_crystal_ProtGPT2_975,crystallizable
gen_crystal_ProtGPT2_976,crystallizable
gen_crystal_ProtGPT2_977,crystallizable
gen_crystal_ProtGPT2_978,crystallizable
gen_crystal_ProtGPT2_979,crystallizable
gen_crystal_ProtGPT2_980,non-crystallizable
gen_crystal_ProtGPT2_981,crystallizable
gen_crystal_ProtGPT2_982,non-crystallizable
gen_crystal_ProtGPT2_983,crystallizable
gen_crystal_ProtGPT2_984,crystallizable
gen_crystal_ProtGPT2_985,crystallizable
gen_crystal_ProtGPT2_986,non-crystallizable
gen_crystal_ProtGPT2_987,crystallizable
gen_crystal_ProtGPT2_988,non-crystallizable
gen_crystal_ProtGPT2_989,crystallizable
gen_crystal_ProtGPT2_990,crystallizable
gen_crystal_ProtGPT2_991,crystallizable
gen_crystal_ProtGPT2_992,crystallizable
gen_crystal_ProtGPT2_993,crystallizable
gen_crystal_ProtGPT2_994,crystallizable
gen_crystal_ProtGPT2_995,crystallizable
gen_crystal_ProtGPT2_996,non-crystallizable
gen_crystal_ProtGPT2_997,non-crystallizable
gen_crystal_ProtGPT2_998,non-crystallizable
gen_crystal_ProtGPT2_999,non-crystallizable
gen_crystal_ProtGPT2_1000,crystallizable
gen_crystal_ProtGPT2_1001,crystallizable
gen_crystal_ProtGPT2_1002,crystallizable
gen_crystal_ProtGPT2_1003,crystallizable
gen_crystal_ProtGPT2_1004,crystallizable
gen_crystal_ProtGPT2_1005,non-crystallizable
gen_crystal_ProtGPT2_1006,crystallizable
gen_crystal_ProtGPT2_1007,crystallizable
gen_crystal_ProtGPT2_1008,crystallizable
gen_crystal_ProtGPT2_1009,crystallizable
gen_crystal_ProtGPT2_1010,crystallizable
gen_crystal_ProtGPT2_1011,crystallizable
gen_crystal_ProtGPT2_1012,crystallizable
gen_crystal_ProtGPT2_1013,crystallizable
gen_crystal_ProtGPT2_1014,crystallizable
gen_crystal_ProtGPT2_1015,crystallizable
gen_crystal_ProtGPT2_1016,crystallizable
gen_crystal_ProtGPT2_1017,crystallizable
gen_crystal_ProtGPT2_1018,non-crystallizable
gen_crystal_ProtGPT2_1019,crystallizable
gen_crystal_ProtGPT2_1020,non-crystallizable
gen_crystal_ProtGPT2_1021,crystallizable
gen_crystal_ProtGPT2_1022,non-crystallizable
gen_crystal_ProtGPT2_1023,crystallizable
gen_crystal_ProtGPT2_1024,crystallizable
gen_crystal_ProtGPT2_1025,non-crystallizable
gen_crystal_ProtGPT2_1026,crystallizable
gen_crystal_ProtGPT2_1027,non-crystallizable
gen_crystal_ProtGPT2_1028,crystallizable
gen_crystal_ProtGPT2_1029,crystallizable
gen_crystal_ProtGPT2_1030,crystallizable
gen_crystal_ProtGPT2_1031,non-crystallizable
gen_crystal_ProtGPT2_1032,crystallizable
gen_crystal_ProtGPT2_1033,crystallizable
gen_crystal_ProtGPT2_1034,crystallizable
gen_crystal_ProtGPT2_1035,crystallizable
gen_crystal_ProtGPT2_1036,non-crystallizable
gen_crystal_ProtGPT2_1037,non-crystallizable
gen_crystal_ProtGPT2_1038,non-crystallizable
gen_crystal_ProtGPT2_1039,non-crystallizable
gen_crystal_ProtGPT2_1040,non-crystallizable
gen_crystal_ProtGPT2_1041,non-crystallizable
gen_crystal_ProtGPT2_1042,crystallizable
gen_crystal_ProtGPT2_1043,crystallizable
gen_crystal_ProtGPT2_1044,crystallizable
gen_crystal_ProtGPT2_1045,crystallizable
gen_crystal_ProtGPT2_1046,crystallizable
gen_crystal_ProtGPT2_1047,non-crystallizable
gen_crystal_ProtGPT2_1048,crystallizable
gen_crystal_ProtGPT2_1049,non-crystallizable
gen_crystal_ProtGPT2_1050,crystallizable
gen_crystal_ProtGPT2_1051,crystallizable
gen_crystal_ProtGPT2_1052,crystallizable
gen_crystal_ProtGPT2_1053,non-crystallizable
gen_crystal_ProtGPT2_1054,crystallizable
gen_crystal_ProtGPT2_1055,crystallizable
gen_crystal_ProtGPT2_1056,crystallizable
gen_crystal_ProtGPT2_1057,crystallizable
gen_crystal_ProtGPT2_1058,non-crystallizable
gen_crystal_ProtGPT2_1059,crystallizable
gen_crystal_ProtGPT2_1060,crystallizable
gen_crystal_ProtGPT2_1061,crystallizable
gen_crystal_ProtGPT2_1062,non-crystallizable
gen_crystal_ProtGPT2_1063,crystallizable
gen_crystal_ProtGPT2_1064,crystallizable
gen_crystal_ProtGPT2_1065,crystallizable
gen_crystal_ProtGPT2_1066,crystallizable
gen_crystal_ProtGPT2_1067,crystallizable
gen_crystal_ProtGPT2_1068,crystallizable
gen_crystal_ProtGPT2_1069,crystallizable
gen_crystal_ProtGPT2_1070,non-crystallizable
gen_crystal_ProtGPT2_1071,non-crystallizable
gen_crystal_ProtGPT2_1072,non-crystallizable
gen_crystal_ProtGPT2_1073,crystallizable
gen_crystal_ProtGPT2_1074,non-crystallizable
gen_crystal_ProtGPT2_1075,crystallizable
gen_crystal_ProtGPT2_1076,crystallizable
gen_crystal_ProtGPT2_1077,crystallizable
gen_crystal_ProtGPT2_1078,crystallizable
gen_crystal_ProtGPT2_1079,crystallizable
gen_crystal_ProtGPT2_1080,non-crystallizable
gen_crystal_ProtGPT2_1081,crystallizable
gen_crystal_ProtGPT2_1082,crystallizable
gen_crystal_ProtGPT2_1083,non-crystallizable
gen_crystal_ProtGPT2_1084,crystallizable
gen_crystal_ProtGPT2_1085,crystallizable
gen_crystal_ProtGPT2_1086,crystallizable
gen_crystal_ProtGPT2_1087,crystallizable
gen_crystal_ProtGPT2_1088,non-crystallizable
gen_crystal_ProtGPT2_1089,crystallizable
gen_crystal_ProtGPT2_1090,crystallizable
gen_crystal_ProtGPT2_1091,crystallizable
gen_crystal_ProtGPT2_1092,crystallizable
gen_crystal_ProtGPT2_1093,non-crystallizable
gen_crystal_ProtGPT2_1094,non-crystallizable
gen_crystal_ProtGPT2_1095,crystallizable
gen_crystal_ProtGPT2_1096,crystallizable
gen_crystal_ProtGPT2_1097,crystallizable
gen_crystal_ProtGPT2_1098,crystallizable
gen_crystal_ProtGPT2_1099,non-crystallizable
gen_crystal_ProtGPT2_1100,crystallizable
gen_crystal_ProtGPT2_1101,crystallizable
gen_crystal_ProtGPT2_1102,crystallizable
gen_crystal_ProtGPT2_1103,crystallizable
gen_crystal_ProtGPT2_1104,non-crystallizable
gen_crystal_ProtGPT2_1105,crystallizable
gen_crystal_ProtGPT2_1106,non-crystallizable
gen_crystal_ProtGPT2_1107,crystallizable
gen_crystal_ProtGPT2_1108,crystallizable
gen_crystal_ProtGPT2_1109,crystallizable
gen_crystal_ProtGPT2_1110,non-crystallizable
gen_crystal_ProtGPT2_1111,crystallizable
gen_crystal_ProtGPT2_1112,crystallizable
gen_crystal_ProtGPT2_1113,crystallizable
gen_crystal_ProtGPT2_1114,crystallizable
gen_crystal_ProtGPT2_1115,crystallizable
gen_crystal_ProtGPT2_1116,crystallizable
gen_crystal_ProtGPT2_1117,crystallizable
gen_crystal_ProtGPT2_1118,crystallizable
gen_crystal_ProtGPT2_1119,crystallizable
gen_crystal_ProtGPT2_1120,crystallizable
gen_crystal_ProtGPT2_1121,crystallizable
gen_crystal_ProtGPT2_1122,crystallizable
gen_crystal_ProtGPT2_1123,crystallizable
gen_crystal_ProtGPT2_1124,crystallizable
gen_crystal_ProtGPT2_1125,non-crystallizable
gen_crystal_ProtGPT2_1126,crystallizable
gen_crystal_ProtGPT2_1127,non-crystallizable
gen_crystal_ProtGPT2_1128,crystallizable
gen_crystal_ProtGPT2_1129,crystallizable
gen_crystal_ProtGPT2_1130,crystallizable
gen_crystal_ProtGPT2_1131,crystallizable
gen_crystal_ProtGPT2_1132,non-crystallizable
gen_crystal_ProtGPT2_1133,crystallizable
gen_crystal_ProtGPT2_1134,crystallizable
gen_crystal_ProtGPT2_1135,crystallizable
gen_crystal_ProtGPT2_1136,crystallizable
gen_crystal_ProtGPT2_1137,non-crystallizable
gen_crystal_ProtGPT2_1138,crystallizable
gen_crystal_ProtGPT2_1139,non-crystallizable
gen_crystal_ProtGPT2_1140,crystallizable
gen_crystal_ProtGPT2_1141,crystallizable
gen_crystal_ProtGPT2_1142,non-crystallizable
gen_crystal_ProtGPT2_1143,crystallizable
gen_crystal_ProtGPT2_1144,non-crystallizable
gen_crystal_ProtGPT2_1145,crystallizable
gen_crystal_ProtGPT2_1146,crystallizable
gen_crystal_ProtGPT2_1147,non-crystallizable
gen_crystal_ProtGPT2_1148,non-crystallizable
gen_crystal_ProtGPT2_1149,crystallizable
gen_crystal_ProtGPT2_1150,crystallizable
gen_crystal_ProtGPT2_1151,crystallizable
gen_crystal_ProtGPT2_1152,non-crystallizable
gen_crystal_ProtGPT2_1153,crystallizable
gen_crystal_ProtGPT2_1154,crystallizable
gen_crystal_ProtGPT2_1155,crystallizable
gen_crystal_ProtGPT2_1156,crystallizable
gen_crystal_ProtGPT2_1157,crystallizable
gen_crystal_ProtGPT2_1158,crystallizable
gen_crystal_ProtGPT2_1159,crystallizable
gen_crystal_ProtGPT2_1160,non-crystallizable
gen_crystal_ProtGPT2_1161,crystallizable
gen_crystal_ProtGPT2_1162,crystallizable
gen_crystal_ProtGPT2_1163,non-crystallizable
gen_crystal_ProtGPT2_1164,crystallizable
gen_crystal_ProtGPT2_1165,non-crystallizable
gen_crystal_ProtGPT2_1166,crystallizable
gen_crystal_ProtGPT2_1167,crystallizable
gen_crystal_ProtGPT2_1168,non-crystallizable
gen_crystal_ProtGPT2_1169,crystallizable
gen_crystal_ProtGPT2_1170,crystallizable
gen_crystal_ProtGPT2_1171,crystallizable
gen_crystal_ProtGPT2_1172,crystallizable
gen_crystal_ProtGPT2_1173,crystallizable
gen_crystal_ProtGPT2_1174,crystallizable
gen_crystal_ProtGPT2_1175,non-crystallizable
gen_crystal_ProtGPT2_1176,non-crystallizable
gen_crystal_ProtGPT2_1177,crystallizable
gen_crystal_ProtGPT2_1178,crystallizable
gen_crystal_ProtGPT2_1179,crystallizable
gen_crystal_ProtGPT2_1180,crystallizable
gen_crystal_ProtGPT2_1181,crystallizable
gen_crystal_ProtGPT2_1182,non-crystallizable
gen_crystal_ProtGPT2_1183,crystallizable
gen_crystal_ProtGPT2_1184,non-crystallizable
gen_crystal_ProtGPT2_1185,crystallizable
gen_crystal_ProtGPT2_1186,crystallizable
gen_crystal_ProtGPT2_1187,crystallizable
gen_crystal_ProtGPT2_1188,non-crystallizable
gen_crystal_ProtGPT2_1189,non-crystallizable
gen_crystal_ProtGPT2_1190,crystallizable
gen_crystal_ProtGPT2_1191,crystallizable
gen_crystal_ProtGPT2_1192,crystallizable
gen_crystal_ProtGPT2_1193,crystallizable
gen_crystal_ProtGPT2_1194,crystallizable
gen_crystal_ProtGPT2_1195,non-crystallizable
gen_crystal_ProtGPT2_1196,crystallizable
gen_crystal_ProtGPT2_1197,crystallizable
gen_crystal_ProtGPT2_1198,crystallizable
gen_crystal_ProtGPT2_1199,crystallizable
gen_crystal_ProtGPT2_1200,non-crystallizable
gen_crystal_ProtGPT2_1201,non-crystallizable
gen_crystal_ProtGPT2_1202,crystallizable
gen_crystal_ProtGPT2_1203,crystallizable
gen_crystal_ProtGPT2_1204,crystallizable
gen_crystal_ProtGPT2_1205,non-crystallizable
gen_crystal_ProtGPT2_1206,non-crystallizable
gen_crystal_ProtGPT2_1207,crystallizable
gen_crystal_ProtGPT2_1208,crystallizable
gen_crystal_ProtGPT2_1209,crystallizable
gen_crystal_ProtGPT2_1210,non-crystallizable
gen_crystal_ProtGPT2_1211,crystallizable
gen_crystal_ProtGPT2_1212,non-crystallizable
gen_crystal_ProtGPT2_1213,crystallizable
gen_crystal_ProtGPT2_1214,crystallizable
gen_crystal_ProtGPT2_1215,crystallizable
gen_crystal_ProtGPT2_1216,crystallizable
gen_crystal_ProtGPT2_1217,crystallizable
gen_crystal_ProtGPT2_1218,crystallizable
gen_crystal_ProtGPT2_1219,non-crystallizable
gen_crystal_ProtGPT2_1220,crystallizable
gen_crystal_ProtGPT2_1221,crystallizable
gen_crystal_ProtGPT2_1222,crystallizable
gen_crystal_ProtGPT2_1223,crystallizable
gen_crystal_ProtGPT2_1224,non-crystallizable
gen_crystal_ProtGPT2_1225,crystallizable
gen_crystal_ProtGPT2_1226,non-crystallizable
gen_crystal_ProtGPT2_1227,non-crystallizable
gen_crystal_ProtGPT2_1228,non-crystallizable
gen_crystal_ProtGPT2_1229,non-crystallizable
gen_crystal_ProtGPT2_1230,crystallizable
gen_crystal_ProtGPT2_1231,crystallizable
gen_crystal_ProtGPT2_1232,crystallizable
gen_crystal_ProtGPT2_1233,crystallizable
gen_crystal_ProtGPT2_1234,crystallizable
gen_crystal_ProtGPT2_1235,crystallizable
gen_crystal_ProtGPT2_1236,crystallizable
gen_crystal_ProtGPT2_1237,crystallizable
gen_crystal_ProtGPT2_1238,non-crystallizable
gen_crystal_ProtGPT2_1239,non-crystallizable
gen_crystal_ProtGPT2_1240,non-crystallizable
gen_crystal_ProtGPT2_1241,crystallizable
gen_crystal_ProtGPT2_1242,crystallizable
gen_crystal_ProtGPT2_1243,crystallizable
gen_crystal_ProtGPT2_1244,crystallizable
gen_crystal_ProtGPT2_1245,non-crystallizable
gen_crystal_ProtGPT2_1246,non-crystallizable
gen_crystal_ProtGPT2_1247,non-crystallizable
gen_crystal_ProtGPT2_1248,non-crystallizable
gen_crystal_ProtGPT2_1249,non-crystallizable
gen_crystal_ProtGPT2_1250,crystallizable
gen_crystal_ProtGPT2_1251,non-crystallizable
gen_crystal_ProtGPT2_1252,non-crystallizable
gen_crystal_ProtGPT2_1253,crystallizable
gen_crystal_ProtGPT2_1254,crystallizable
gen_crystal_ProtGPT2_1255,crystallizable
gen_crystal_ProtGPT2_1256,crystallizable
gen_crystal_ProtGPT2_1257,crystallizable
gen_crystal_ProtGPT2_1258,crystallizable
gen_crystal_ProtGPT2_1259,crystallizable
gen_crystal_ProtGPT2_1260,crystallizable
gen_crystal_ProtGPT2_1261,non-crystallizable
gen_crystal_ProtGPT2_1262,non-crystallizable
gen_crystal_ProtGPT2_1263,non-crystallizable
gen_crystal_ProtGPT2_1264,non-crystallizable
gen_crystal_ProtGPT2_1265,crystallizable
gen_crystal_ProtGPT2_1266,crystallizable
gen_crystal_ProtGPT2_1267,crystallizable
gen_crystal_ProtGPT2_1268,crystallizable
gen_crystal_ProtGPT2_1269,crystallizable
gen_crystal_ProtGPT2_1270,non-crystallizable
gen_crystal_ProtGPT2_1271,crystallizable
gen_crystal_ProtGPT2_1272,crystallizable
gen_crystal_ProtGPT2_1273,crystallizable
gen_crystal_ProtGPT2_1274,crystallizable
gen_crystal_ProtGPT2_1275,non-crystallizable
gen_crystal_ProtGPT2_1276,crystallizable
gen_crystal_ProtGPT2_1277,non-crystallizable
gen_crystal_ProtGPT2_1278,crystallizable
gen_crystal_ProtGPT2_1279,crystallizable
gen_crystal_ProtGPT2_1280,crystallizable
gen_crystal_ProtGPT2_1281,non-crystallizable
gen_crystal_ProtGPT2_1282,non-crystallizable
gen_crystal_ProtGPT2_1283,crystallizable
gen_crystal_ProtGPT2_1284,crystallizable
gen_crystal_ProtGPT2_1285,crystallizable
gen_crystal_ProtGPT2_1286,crystallizable
gen_crystal_ProtGPT2_1287,crystallizable
gen_crystal_ProtGPT2_1288,crystallizable
gen_crystal_ProtGPT2_1289,crystallizable
gen_crystal_ProtGPT2_1290,crystallizable
gen_crystal_ProtGPT2_1291,crystallizable
gen_crystal_ProtGPT2_1292,crystallizable
gen_crystal_ProtGPT2_1293,crystallizable
gen_crystal_ProtGPT2_1294,non-crystallizable
gen_crystal_ProtGPT2_1295,crystallizable
gen_crystal_ProtGPT2_1296,non-crystallizable
gen_crystal_ProtGPT2_1297,crystallizable
gen_crystal_ProtGPT2_1298,crystallizable
gen_crystal_ProtGPT2_1299,crystallizable
gen_crystal_ProtGPT2_1300,crystallizable
gen_crystal_ProtGPT2_1301,crystallizable
gen_crystal_ProtGPT2_1302,crystallizable
gen_crystal_ProtGPT2_1303,non-crystallizable
gen_crystal_ProtGPT2_1304,non-crystallizable
gen_crystal_ProtGPT2_1305,crystallizable
gen_crystal_ProtGPT2_1306,crystallizable
gen_crystal_ProtGPT2_1307,crystallizable
gen_crystal_ProtGPT2_1308,crystallizable
gen_crystal_ProtGPT2_1309,crystallizable
gen_crystal_ProtGPT2_1310,crystallizable
gen_crystal_ProtGPT2_1311,crystallizable
gen_crystal_ProtGPT2_1312,crystallizable
gen_crystal_ProtGPT2_1313,non-crystallizable
gen_crystal_ProtGPT2_1314,crystallizable
gen_crystal_ProtGPT2_1315,crystallizable
gen_crystal_ProtGPT2_1316,non-crystallizable
gen_crystal_ProtGPT2_1317,crystallizable
gen_crystal_ProtGPT2_1318,non-crystallizable
gen_crystal_ProtGPT2_1319,crystallizable
gen_crystal_ProtGPT2_1320,crystallizable
gen_crystal_ProtGPT2_1321,crystallizable
gen_crystal_ProtGPT2_1322,crystallizable
gen_crystal_ProtGPT2_1323,non-crystallizable
gen_crystal_ProtGPT2_1324,crystallizable
gen_crystal_ProtGPT2_1325,crystallizable
gen_crystal_ProtGPT2_1326,non-crystallizable
gen_crystal_ProtGPT2_1327,crystallizable
gen_crystal_ProtGPT2_1328,crystallizable
gen_crystal_ProtGPT2_1329,crystallizable
gen_crystal_ProtGPT2_1330,crystallizable
gen_crystal_ProtGPT2_1331,crystallizable
gen_crystal_ProtGPT2_1332,crystallizable
gen_crystal_ProtGPT2_1333,non-crystallizable
gen_crystal_ProtGPT2_1334,crystallizable
gen_crystal_ProtGPT2_1335,non-crystallizable
gen_crystal_ProtGPT2_1336,crystallizable
gen_crystal_ProtGPT2_1337,crystallizable
gen_crystal_ProtGPT2_1338,crystallizable
gen_crystal_ProtGPT2_1339,non-crystallizable
gen_crystal_ProtGPT2_1340,crystallizable
gen_crystal_ProtGPT2_1341,non-crystallizable
gen_crystal_ProtGPT2_1342,crystallizable
gen_crystal_ProtGPT2_1343,non-crystallizable
gen_crystal_ProtGPT2_1344,crystallizable
gen_crystal_ProtGPT2_1345,crystallizable
gen_crystal_ProtGPT2_1346,crystallizable
gen_crystal_ProtGPT2_1347,crystallizable
gen_crystal_ProtGPT2_1348,non-crystallizable
gen_crystal_ProtGPT2_1349,crystallizable
gen_crystal_ProtGPT2_1350,non-crystallizable
gen_crystal_ProtGPT2_1351,crystallizable
gen_crystal_ProtGPT2_1352,non-crystallizable
gen_crystal_ProtGPT2_1353,non-crystallizable
gen_crystal_ProtGPT2_1354,non-crystallizable
gen_crystal_ProtGPT2_1355,crystallizable
gen_crystal_ProtGPT2_1356,non-crystallizable
gen_crystal_ProtGPT2_1357,crystallizable
gen_crystal_ProtGPT2_1358,crystallizable
gen_crystal_ProtGPT2_1359,non-crystallizable
gen_crystal_ProtGPT2_1360,crystallizable
gen_crystal_ProtGPT2_1361,crystallizable
gen_crystal_ProtGPT2_1362,crystallizable
gen_crystal_ProtGPT2_1363,crystallizable
gen_crystal_ProtGPT2_1364,crystallizable
gen_crystal_ProtGPT2_1365,crystallizable
gen_crystal_ProtGPT2_1366,non-crystallizable
gen_crystal_ProtGPT2_1367,non-crystallizable
gen_crystal_ProtGPT2_1368,crystallizable
gen_crystal_ProtGPT2_1369,crystallizable
gen_crystal_ProtGPT2_1370,crystallizable
gen_crystal_ProtGPT2_1371,crystallizable
gen_crystal_ProtGPT2_1372,crystallizable
gen_crystal_ProtGPT2_1373,crystallizable
gen_crystal_ProtGPT2_1374,crystallizable
gen_crystal_ProtGPT2_1375,crystallizable
gen_crystal_ProtGPT2_1376,crystallizable
gen_crystal_ProtGPT2_1377,crystallizable
gen_crystal_ProtGPT2_1378,crystallizable
gen_crystal_ProtGPT2_1379,crystallizable
gen_crystal_ProtGPT2_1380,non-crystallizable
gen_crystal_ProtGPT2_1381,crystallizable
gen_crystal_ProtGPT2_1382,crystallizable
gen_crystal_ProtGPT2_1383,crystallizable
gen_crystal_ProtGPT2_1384,non-crystallizable
gen_crystal_ProtGPT2_1385,crystallizable
gen_crystal_ProtGPT2_1386,non-crystallizable
gen_crystal_ProtGPT2_1387,non-crystallizable
gen_crystal_ProtGPT2_1388,crystallizable
gen_crystal_ProtGPT2_1389,crystallizable
gen_crystal_ProtGPT2_1390,crystallizable
gen_crystal_ProtGPT2_1391,crystallizable
gen_crystal_ProtGPT2_1392,crystallizable
gen_crystal_ProtGPT2_1393,non-crystallizable
gen_crystal_ProtGPT2_1394,non-crystallizable
gen_crystal_ProtGPT2_1395,non-crystallizable
gen_crystal_ProtGPT2_1396,crystallizable
gen_crystal_ProtGPT2_1397,crystallizable
gen_crystal_ProtGPT2_1398,crystallizable
gen_crystal_ProtGPT2_1399,crystallizable
gen_crystal_ProtGPT2_1400,crystallizable
gen_crystal_ProtGPT2_1401,non-crystallizable
gen_crystal_ProtGPT2_1402,crystallizable
gen_crystal_ProtGPT2_1403,non-crystallizable
gen_crystal_ProtGPT2_1404,non-crystallizable
gen_crystal_ProtGPT2_1405,crystallizable
gen_crystal_ProtGPT2_1406,non-crystallizable
gen_crystal_ProtGPT2_1407,crystallizable
gen_crystal_ProtGPT2_1408,crystallizable
gen_crystal_ProtGPT2_1409,crystallizable
gen_crystal_ProtGPT2_1410,crystallizable
gen_crystal_ProtGPT2_1411,non-crystallizable
gen_crystal_ProtGPT2_1412,non-crystallizable
gen_crystal_ProtGPT2_1413,crystallizable
gen_crystal_ProtGPT2_1414,crystallizable
gen_crystal_ProtGPT2_1415,crystallizable
gen_crystal_ProtGPT2_1416,crystallizable
gen_crystal_ProtGPT2_1417,crystallizable
gen_crystal_ProtGPT2_1418,non-crystallizable
gen_crystal_ProtGPT2_1419,crystallizable
gen_crystal_ProtGPT2_1420,non-crystallizable
gen_crystal_ProtGPT2_1421,crystallizable
gen_crystal_ProtGPT2_1422,crystallizable
gen_crystal_ProtGPT2_1423,crystallizable
gen_crystal_ProtGPT2_1424,crystallizable
gen_crystal_ProtGPT2_1425,non-crystallizable
gen_crystal_ProtGPT2_1426,crystallizable
gen_crystal_ProtGPT2_1427,non-crystallizable
gen_crystal_ProtGPT2_1428,crystallizable
gen_crystal_ProtGPT2_1429,non-crystallizable
gen_crystal_ProtGPT2_1430,non-crystallizable
gen_crystal_ProtGPT2_1431,crystallizable
gen_crystal_ProtGPT2_1432,non-crystallizable
gen_crystal_ProtGPT2_1433,crystallizable
gen_crystal_ProtGPT2_1434,crystallizable
gen_crystal_ProtGPT2_1435,crystallizable
gen_crystal_ProtGPT2_1436,non-crystallizable
gen_crystal_ProtGPT2_1437,non-crystallizable
gen_crystal_ProtGPT2_1438,crystallizable
gen_crystal_ProtGPT2_1439,crystallizable
gen_crystal_ProtGPT2_1440,crystallizable
gen_crystal_ProtGPT2_1441,crystallizable
gen_crystal_ProtGPT2_1442,crystallizable
gen_crystal_ProtGPT2_1443,crystallizable
gen_crystal_ProtGPT2_1444,crystallizable
gen_crystal_ProtGPT2_1445,crystallizable
gen_crystal_ProtGPT2_1446,crystallizable
gen_crystal_ProtGPT2_1447,crystallizable
gen_crystal_ProtGPT2_1448,crystallizable
gen_crystal_ProtGPT2_1449,crystallizable
gen_crystal_ProtGPT2_1450,crystallizable
gen_crystal_ProtGPT2_1451,crystallizable
gen_crystal_ProtGPT2_1452,non-crystallizable
gen_crystal_ProtGPT2_1453,crystallizable
gen_crystal_ProtGPT2_1454,non-crystallizable
gen_crystal_ProtGPT2_1455,crystallizable
gen_crystal_ProtGPT2_1456,non-crystallizable
gen_crystal_ProtGPT2_1457,crystallizable
gen_crystal_ProtGPT2_1458,non-crystallizable
gen_crystal_ProtGPT2_1459,crystallizable
gen_crystal_ProtGPT2_1460,non-crystallizable
gen_crystal_ProtGPT2_1461,crystallizable
gen_crystal_ProtGPT2_1462,crystallizable
gen_crystal_ProtGPT2_1463,crystallizable
gen_crystal_ProtGPT2_1464,crystallizable
gen_crystal_ProtGPT2_1465,non-crystallizable
gen_crystal_ProtGPT2_1466,non-crystallizable
gen_crystal_ProtGPT2_1467,crystallizable
gen_crystal_ProtGPT2_1468,non-crystallizable
gen_crystal_ProtGPT2_1469,non-crystallizable
gen_crystal_ProtGPT2_1470,crystallizable
gen_crystal_ProtGPT2_1471,non-crystallizable
gen_crystal_ProtGPT2_1472,non-crystallizable
gen_crystal_ProtGPT2_1473,non-crystallizable
gen_crystal_ProtGPT2_1474,crystallizable
gen_crystal_ProtGPT2_1475,crystallizable
gen_crystal_ProtGPT2_1476,crystallizable
gen_crystal_ProtGPT2_1477,non-crystallizable
gen_crystal_ProtGPT2_1478,crystallizable
gen_crystal_ProtGPT2_1479,crystallizable
gen_crystal_ProtGPT2_1480,crystallizable
gen_crystal_ProtGPT2_1481,non-crystallizable
gen_crystal_ProtGPT2_1482,crystallizable
gen_crystal_ProtGPT2_1483,crystallizable
gen_crystal_ProtGPT2_1484,non-crystallizable
gen_crystal_ProtGPT2_1485,crystallizable
gen_crystal_ProtGPT2_1486,non-crystallizable
gen_crystal_ProtGPT2_1487,crystallizable
gen_crystal_ProtGPT2_1488,crystallizable
gen_crystal_ProtGPT2_1489,crystallizable
gen_crystal_ProtGPT2_1490,crystallizable
gen_crystal_ProtGPT2_1491,non-crystallizable
gen_crystal_ProtGPT2_1492,crystallizable
gen_crystal_ProtGPT2_1493,crystallizable
gen_crystal_ProtGPT2_1494,crystallizable
gen_crystal_ProtGPT2_1495,crystallizable
gen_crystal_ProtGPT2_1496,crystallizable
gen_crystal_ProtGPT2_1497,non-crystallizable
gen_crystal_ProtGPT2_1498,non-crystallizable
gen_crystal_ProtGPT2_1499,crystallizable
gen_crystal_ProtGPT2_1500,crystallizable
gen_crystal_ProtGPT2_1501,crystallizable
gen_crystal_ProtGPT2_1502,crystallizable
gen_crystal_ProtGPT2_1503,crystallizable
gen_crystal_ProtGPT2_1504,non-crystallizable
gen_crystal_ProtGPT2_1505,crystallizable
gen_crystal_ProtGPT2_1506,non-crystallizable
gen_crystal_ProtGPT2_1507,crystallizable
gen_crystal_ProtGPT2_1508,crystallizable
gen_crystal_ProtGPT2_1509,non-crystallizable
gen_crystal_ProtGPT2_1510,non-crystallizable
gen_crystal_ProtGPT2_1511,crystallizable
gen_crystal_ProtGPT2_1512,crystallizable
gen_crystal_ProtGPT2_1513,crystallizable
gen_crystal_ProtGPT2_1514,crystallizable
gen_crystal_ProtGPT2_1515,crystallizable
gen_crystal_ProtGPT2_1516,crystallizable
gen_crystal_ProtGPT2_1517,crystallizable
gen_crystal_ProtGPT2_1518,crystallizable
gen_crystal_ProtGPT2_1519,crystallizable
gen_crystal_ProtGPT2_1520,non-crystallizable
gen_crystal_ProtGPT2_1521,crystallizable
gen_crystal_ProtGPT2_1522,crystallizable
gen_crystal_ProtGPT2_1523,crystallizable
gen_crystal_ProtGPT2_1524,non-crystallizable
gen_crystal_ProtGPT2_1525,crystallizable
gen_crystal_ProtGPT2_1526,crystallizable
gen_crystal_ProtGPT2_1527,crystallizable
gen_crystal_ProtGPT2_1528,crystallizable
gen_crystal_ProtGPT2_1529,crystallizable
gen_crystal_ProtGPT2_1530,crystallizable
gen_crystal_ProtGPT2_1531,crystallizable
gen_crystal_ProtGPT2_1532,crystallizable
gen_crystal_ProtGPT2_1533,non-crystallizable
gen_crystal_ProtGPT2_1534,crystallizable
gen_crystal_ProtGPT2_1535,crystallizable
gen_crystal_ProtGPT2_1536,crystallizable
gen_crystal_ProtGPT2_1537,crystallizable
gen_crystal_ProtGPT2_1538,crystallizable
gen_crystal_ProtGPT2_1539,non-crystallizable
gen_crystal_ProtGPT2_1540,crystallizable
gen_crystal_ProtGPT2_1541,crystallizable
gen_crystal_ProtGPT2_1542,non-crystallizable
gen_crystal_ProtGPT2_1543,non-crystallizable
gen_crystal_ProtGPT2_1544,crystallizable
gen_crystal_ProtGPT2_1545,non-crystallizable
gen_crystal_ProtGPT2_1546,crystallizable
gen_crystal_ProtGPT2_1547,crystallizable
gen_crystal_ProtGPT2_1548,crystallizable
gen_crystal_ProtGPT2_1549,non-crystallizable
gen_crystal_ProtGPT2_1550,crystallizable
gen_crystal_ProtGPT2_1551,crystallizable
gen_crystal_ProtGPT2_1552,crystallizable
gen_crystal_ProtGPT2_1553,crystallizable
gen_crystal_ProtGPT2_1554,non-crystallizable
gen_crystal_ProtGPT2_1555,crystallizable
gen_crystal_ProtGPT2_1556,crystallizable
gen_crystal_ProtGPT2_1557,crystallizable
gen_crystal_ProtGPT2_1558,non-crystallizable
gen_crystal_ProtGPT2_1559,non-crystallizable
gen_crystal_ProtGPT2_1560,crystallizable
gen_crystal_ProtGPT2_1561,non-crystallizable
gen_crystal_ProtGPT2_1562,non-crystallizable
gen_crystal_ProtGPT2_1563,crystallizable
gen_crystal_ProtGPT2_1564,crystallizable
gen_crystal_ProtGPT2_1565,crystallizable
gen_crystal_ProtGPT2_1566,crystallizable
gen_crystal_ProtGPT2_1567,crystallizable
gen_crystal_ProtGPT2_1568,non-crystallizable
gen_crystal_ProtGPT2_1569,non-crystallizable
gen_crystal_ProtGPT2_1570,non-crystallizable
gen_crystal_ProtGPT2_1571,non-crystallizable
gen_crystal_ProtGPT2_1572,crystallizable
gen_crystal_ProtGPT2_1573,non-crystallizable
gen_crystal_ProtGPT2_1574,crystallizable
gen_crystal_ProtGPT2_1575,crystallizable
gen_crystal_ProtGPT2_1576,crystallizable
gen_crystal_ProtGPT2_1577,non-crystallizable
gen_crystal_ProtGPT2_1578,crystallizable
gen_crystal_ProtGPT2_1579,crystallizable
gen_crystal_ProtGPT2_1580,crystallizable
gen_crystal_ProtGPT2_1581,crystallizable
gen_crystal_ProtGPT2_1582,crystallizable
gen_crystal_ProtGPT2_1583,crystallizable
gen_crystal_ProtGPT2_1584,crystallizable
gen_crystal_ProtGPT2_1585,crystallizable
gen_crystal_ProtGPT2_1586,crystallizable
gen_crystal_ProtGPT2_1587,non-crystallizable
gen_crystal_ProtGPT2_1588,crystallizable
gen_crystal_ProtGPT2_1589,non-crystallizable
gen_crystal_ProtGPT2_1590,crystallizable
gen_crystal_ProtGPT2_1591,crystallizable
gen_crystal_ProtGPT2_1592,crystallizable
gen_crystal_ProtGPT2_1593,crystallizable
gen_crystal_ProtGPT2_1594,crystallizable
gen_crystal_ProtGPT2_1595,crystallizable
gen_crystal_ProtGPT2_1596,crystallizable
gen_crystal_ProtGPT2_1597,crystallizable
gen_crystal_ProtGPT2_1598,crystallizable
gen_crystal_ProtGPT2_1599,non-crystallizable
gen_crystal_ProtGPT2_1600,non-crystallizable
gen_crystal_ProtGPT2_1601,non-crystallizable
gen_crystal_ProtGPT2_1602,crystallizable
gen_crystal_ProtGPT2_1603,crystallizable
gen_crystal_ProtGPT2_1604,crystallizable
gen_crystal_ProtGPT2_1605,crystallizable
gen_crystal_ProtGPT2_1606,crystallizable
gen_crystal_ProtGPT2_1607,crystallizable
gen_crystal_ProtGPT2_1608,crystallizable
gen_crystal_ProtGPT2_1609,crystallizable
gen_crystal_ProtGPT2_1610,non-crystallizable
gen_crystal_ProtGPT2_1611,crystallizable
gen_crystal_ProtGPT2_1612,non-crystallizable
gen_crystal_ProtGPT2_1613,crystallizable
gen_crystal_ProtGPT2_1614,non-crystallizable
gen_crystal_ProtGPT2_1615,crystallizable
gen_crystal_ProtGPT2_1616,crystallizable
gen_crystal_ProtGPT2_1617,non-crystallizable
gen_crystal_ProtGPT2_1618,crystallizable
gen_crystal_ProtGPT2_1619,crystallizable
gen_crystal_ProtGPT2_1620,crystallizable
gen_crystal_ProtGPT2_1621,crystallizable
gen_crystal_ProtGPT2_1622,crystallizable
gen_crystal_ProtGPT2_1623,non-crystallizable
gen_crystal_ProtGPT2_1624,crystallizable
gen_crystal_ProtGPT2_1625,crystallizable
gen_crystal_ProtGPT2_1626,non-crystallizable
gen_crystal_ProtGPT2_1627,crystallizable
gen_crystal_ProtGPT2_1628,crystallizable
gen_crystal_ProtGPT2_1629,crystallizable
gen_crystal_ProtGPT2_1630,non-crystallizable
gen_crystal_ProtGPT2_1631,crystallizable
gen_crystal_ProtGPT2_1632,crystallizable
gen_crystal_ProtGPT2_1633,non-crystallizable
gen_crystal_ProtGPT2_1634,crystallizable
gen_crystal_ProtGPT2_1635,crystallizable
gen_crystal_ProtGPT2_1636,crystallizable
gen_crystal_ProtGPT2_1637,crystallizable
gen_crystal_ProtGPT2_1638,crystallizable
gen_crystal_ProtGPT2_1639,crystallizable
gen_crystal_ProtGPT2_1640,crystallizable
gen_crystal_ProtGPT2_1641,non-crystallizable
gen_crystal_ProtGPT2_1642,non-crystallizable
gen_crystal_ProtGPT2_1643,non-crystallizable
gen_crystal_ProtGPT2_1644,non-crystallizable
gen_crystal_ProtGPT2_1645,non-crystallizable
gen_crystal_ProtGPT2_1646,crystallizable
gen_crystal_ProtGPT2_1647,crystallizable
gen_crystal_ProtGPT2_1648,non-crystallizable
gen_crystal_ProtGPT2_1649,crystallizable
gen_crystal_ProtGPT2_1650,non-crystallizable
gen_crystal_ProtGPT2_1651,crystallizable
gen_crystal_ProtGPT2_1652,crystallizable
gen_crystal_ProtGPT2_1653,non-crystallizable
gen_crystal_ProtGPT2_1654,crystallizable
gen_crystal_ProtGPT2_1655,crystallizable
gen_crystal_ProtGPT2_1656,crystallizable
gen_crystal_ProtGPT2_1657,non-crystallizable
gen_crystal_ProtGPT2_1658,crystallizable
gen_crystal_ProtGPT2_1659,non-crystallizable
gen_crystal_ProtGPT2_1660,crystallizable
gen_crystal_ProtGPT2_1661,crystallizable
gen_crystal_ProtGPT2_1662,non-crystallizable
gen_crystal_ProtGPT2_1663,crystallizable
gen_crystal_ProtGPT2_1664,crystallizable
gen_crystal_ProtGPT2_1665,crystallizable
gen_crystal_ProtGPT2_1666,crystallizable
gen_crystal_ProtGPT2_1667,crystallizable
gen_crystal_ProtGPT2_1668,crystallizable
gen_crystal_ProtGPT2_1669,crystallizable
gen_crystal_ProtGPT2_1670,crystallizable
gen_crystal_ProtGPT2_1671,non-crystallizable
gen_crystal_ProtGPT2_1672,crystallizable
gen_crystal_ProtGPT2_1673,crystallizable
gen_crystal_ProtGPT2_1674,crystallizable
gen_crystal_ProtGPT2_1675,non-crystallizable
gen_crystal_ProtGPT2_1676,crystallizable
gen_crystal_ProtGPT2_1677,crystallizable
gen_crystal_ProtGPT2_1678,crystallizable
gen_crystal_ProtGPT2_1679,non-crystallizable
gen_crystal_ProtGPT2_1680,crystallizable
gen_crystal_ProtGPT2_1681,crystallizable
gen_crystal_ProtGPT2_1682,non-crystallizable
gen_crystal_ProtGPT2_1683,non-crystallizable
gen_crystal_ProtGPT2_1684,crystallizable
gen_crystal_ProtGPT2_1685,crystallizable
gen_crystal_ProtGPT2_1686,crystallizable
gen_crystal_ProtGPT2_1687,crystallizable
gen_crystal_ProtGPT2_1688,crystallizable
gen_crystal_ProtGPT2_1689,non-crystallizable
gen_crystal_ProtGPT2_1690,crystallizable
gen_crystal_ProtGPT2_1691,crystallizable
gen_crystal_ProtGPT2_1692,crystallizable
gen_crystal_ProtGPT2_1693,non-crystallizable
gen_crystal_ProtGPT2_1694,crystallizable
gen_crystal_ProtGPT2_1695,crystallizable
gen_crystal_ProtGPT2_1696,crystallizable
gen_crystal_ProtGPT2_1697,crystallizable
gen_crystal_ProtGPT2_1698,crystallizable
gen_crystal_ProtGPT2_1699,crystallizable
gen_crystal_ProtGPT2_1700,crystallizable
gen_crystal_ProtGPT2_1701,crystallizable
gen_crystal_ProtGPT2_1702,crystallizable
gen_crystal_ProtGPT2_1703,crystallizable
gen_crystal_ProtGPT2_1704,crystallizable
gen_crystal_ProtGPT2_1705,crystallizable
gen_crystal_ProtGPT2_1706,crystallizable
gen_crystal_ProtGPT2_1707,crystallizable
gen_crystal_ProtGPT2_1708,crystallizable
gen_crystal_ProtGPT2_1709,crystallizable
gen_crystal_ProtGPT2_1710,crystallizable
gen_crystal_ProtGPT2_1711,crystallizable
gen_crystal_ProtGPT2_1712,non-crystallizable
gen_crystal_ProtGPT2_1713,non-crystallizable
gen_crystal_ProtGPT2_1714,crystallizable
gen_crystal_ProtGPT2_1715,crystallizable
gen_crystal_ProtGPT2_1716,crystallizable
gen_crystal_ProtGPT2_1717,crystallizable
gen_crystal_ProtGPT2_1718,non-crystallizable
gen_crystal_ProtGPT2_1719,crystallizable
gen_crystal_ProtGPT2_1720,crystallizable
gen_crystal_ProtGPT2_1721,non-crystallizable
gen_crystal_ProtGPT2_1722,crystallizable
gen_crystal_ProtGPT2_1723,crystallizable
gen_crystal_ProtGPT2_1724,non-crystallizable
gen_crystal_ProtGPT2_1725,crystallizable
gen_crystal_ProtGPT2_1726,crystallizable
gen_crystal_ProtGPT2_1727,crystallizable
gen_crystal_ProtGPT2_1728,crystallizable
gen_crystal_ProtGPT2_1729,non-crystallizable
gen_crystal_ProtGPT2_1730,crystallizable
gen_crystal_ProtGPT2_1731,crystallizable
gen_crystal_ProtGPT2_1732,crystallizable
gen_crystal_ProtGPT2_1733,crystallizable
gen_crystal_ProtGPT2_1734,crystallizable
gen_crystal_ProtGPT2_1735,crystallizable
gen_crystal_ProtGPT2_1736,crystallizable
gen_crystal_ProtGPT2_1737,non-crystallizable
gen_crystal_ProtGPT2_1738,crystallizable
gen_crystal_ProtGPT2_1739,crystallizable
gen_crystal_ProtGPT2_1740,crystallizable
gen_crystal_ProtGPT2_1741,non-crystallizable
gen_crystal_ProtGPT2_1742,non-crystallizable
gen_crystal_ProtGPT2_1743,crystallizable
gen_crystal_ProtGPT2_1744,non-crystallizable
gen_crystal_ProtGPT2_1745,crystallizable
gen_crystal_ProtGPT2_1746,crystallizable
gen_crystal_ProtGPT2_1747,crystallizable
gen_crystal_ProtGPT2_1748,non-crystallizable
gen_crystal_ProtGPT2_1749,non-crystallizable
gen_crystal_ProtGPT2_1750,crystallizable
gen_crystal_ProtGPT2_1751,crystallizable
gen_crystal_ProtGPT2_1752,crystallizable
gen_crystal_ProtGPT2_1753,crystallizable
gen_crystal_ProtGPT2_1754,non-crystallizable
gen_crystal_ProtGPT2_1755,crystallizable
gen_crystal_ProtGPT2_1756,crystallizable
gen_crystal_ProtGPT2_1757,non-crystallizable
gen_crystal_ProtGPT2_1758,non-crystallizable
gen_crystal_ProtGPT2_1759,crystallizable
gen_crystal_ProtGPT2_1760,crystallizable
gen_crystal_ProtGPT2_1761,crystallizable
gen_crystal_ProtGPT2_1762,crystallizable
gen_crystal_ProtGPT2_1763,crystallizable
gen_crystal_ProtGPT2_1764,crystallizable
gen_crystal_ProtGPT2_1765,crystallizable
gen_crystal_ProtGPT2_1766,non-crystallizable
gen_crystal_ProtGPT2_1767,crystallizable
gen_crystal_ProtGPT2_1768,crystallizable
gen_crystal_ProtGPT2_1769,crystallizable
gen_crystal_ProtGPT2_1770,non-crystallizable
gen_crystal_ProtGPT2_1771,crystallizable
gen_crystal_ProtGPT2_1772,non-crystallizable
gen_crystal_ProtGPT2_1773,crystallizable
gen_crystal_ProtGPT2_1774,crystallizable
gen_crystal_ProtGPT2_1775,crystallizable
gen_crystal_ProtGPT2_1776,non-crystallizable
gen_crystal_ProtGPT2_1777,non-crystallizable
gen_crystal_ProtGPT2_1778,crystallizable
gen_crystal_ProtGPT2_1779,crystallizable
gen_crystal_ProtGPT2_1780,crystallizable
gen_crystal_ProtGPT2_1781,crystallizable
gen_crystal_ProtGPT2_1782,crystallizable
gen_crystal_ProtGPT2_1783,non-crystallizable
gen_crystal_ProtGPT2_1784,crystallizable
gen_crystal_ProtGPT2_1785,crystallizable
gen_crystal_ProtGPT2_1786,crystallizable
gen_crystal_ProtGPT2_1787,crystallizable
gen_crystal_ProtGPT2_1788,crystallizable
gen_crystal_ProtGPT2_1789,crystallizable
gen_crystal_ProtGPT2_1790,crystallizable
gen_crystal_ProtGPT2_1791,crystallizable
gen_crystal_ProtGPT2_1792,crystallizable
gen_crystal_ProtGPT2_1793,crystallizable
gen_crystal_ProtGPT2_1794,non-crystallizable
gen_crystal_ProtGPT2_1795,non-crystallizable
gen_crystal_ProtGPT2_1796,crystallizable
gen_crystal_ProtGPT2_1797,crystallizable
gen_crystal_ProtGPT2_1798,non-crystallizable
gen_crystal_ProtGPT2_1799,crystallizable
gen_crystal_ProtGPT2_1800,crystallizable
gen_crystal_ProtGPT2_1801,crystallizable
gen_crystal_ProtGPT2_1802,crystallizable
gen_crystal_ProtGPT2_1803,crystallizable
gen_crystal_ProtGPT2_1804,crystallizable
gen_crystal_ProtGPT2_1805,crystallizable
gen_crystal_ProtGPT2_1806,crystallizable
gen_crystal_ProtGPT2_1807,crystallizable
gen_crystal_ProtGPT2_1808,crystallizable
gen_crystal_ProtGPT2_1809,crystallizable
gen_crystal_ProtGPT2_1810,crystallizable
gen_crystal_ProtGPT2_1811,crystallizable
gen_crystal_ProtGPT2_1812,crystallizable
gen_crystal_ProtGPT2_1813,crystallizable
gen_crystal_ProtGPT2_1814,crystallizable
gen_crystal_ProtGPT2_1815,crystallizable
gen_crystal_ProtGPT2_1816,crystallizable
gen_crystal_ProtGPT2_1817,crystallizable
gen_crystal_ProtGPT2_1818,crystallizable
gen_crystal_ProtGPT2_1819,non-crystallizable
gen_crystal_ProtGPT2_1820,crystallizable
gen_crystal_ProtGPT2_1821,crystallizable
gen_crystal_ProtGPT2_1822,crystallizable
gen_crystal_ProtGPT2_1823,crystallizable
gen_crystal_ProtGPT2_1824,crystallizable
gen_crystal_ProtGPT2_1825,non-crystallizable
gen_crystal_ProtGPT2_1826,crystallizable
gen_crystal_ProtGPT2_1827,crystallizable
gen_crystal_ProtGPT2_1828,crystallizable
gen_crystal_ProtGPT2_1829,crystallizable
gen_crystal_ProtGPT2_1830,crystallizable
gen_crystal_ProtGPT2_1831,crystallizable
gen_crystal_ProtGPT2_1832,non-crystallizable
gen_crystal_ProtGPT2_1833,crystallizable
gen_crystal_ProtGPT2_1834,crystallizable
gen_crystal_ProtGPT2_1835,crystallizable
gen_crystal_ProtGPT2_1836,non-crystallizable
gen_crystal_ProtGPT2_1837,crystallizable
gen_crystal_ProtGPT2_1838,crystallizable
gen_crystal_ProtGPT2_1839,crystallizable
gen_crystal_ProtGPT2_1840,crystallizable
gen_crystal_ProtGPT2_1841,non-crystallizable
gen_crystal_ProtGPT2_1842,crystallizable
gen_crystal_ProtGPT2_1843,crystallizable
gen_crystal_ProtGPT2_1844,crystallizable
gen_crystal_ProtGPT2_1845,non-crystallizable
gen_crystal_ProtGPT2_1846,crystallizable
gen_crystal_ProtGPT2_1847,non-crystallizable
gen_crystal_ProtGPT2_1848,crystallizable
gen_crystal_ProtGPT2_1849,crystallizable
gen_crystal_ProtGPT2_1850,crystallizable
gen_crystal_ProtGPT2_1851,crystallizable
gen_crystal_ProtGPT2_1852,crystallizable
gen_crystal_ProtGPT2_1853,crystallizable
gen_crystal_ProtGPT2_1854,crystallizable
gen_crystal_ProtGPT2_1855,non-crystallizable
gen_crystal_ProtGPT2_1856,crystallizable
gen_crystal_ProtGPT2_1857,crystallizable
gen_crystal_ProtGPT2_1858,non-crystallizable
gen_crystal_ProtGPT2_1859,crystallizable
gen_crystal_ProtGPT2_1860,crystallizable
gen_crystal_ProtGPT2_1861,crystallizable
gen_crystal_ProtGPT2_1862,crystallizable
gen_crystal_ProtGPT2_1863,crystallizable
gen_crystal_ProtGPT2_1864,crystallizable
gen_crystal_ProtGPT2_1865,crystallizable
gen_crystal_ProtGPT2_1866,crystallizable
gen_crystal_ProtGPT2_1867,non-crystallizable
gen_crystal_ProtGPT2_1868,non-crystallizable
gen_crystal_ProtGPT2_1869,non-crystallizable
gen_crystal_ProtGPT2_1870,crystallizable
gen_crystal_ProtGPT2_1871,crystallizable
gen_crystal_ProtGPT2_1872,crystallizable
gen_crystal_ProtGPT2_1873,non-crystallizable
gen_crystal_ProtGPT2_1874,crystallizable
gen_crystal_ProtGPT2_1875,crystallizable
gen_crystal_ProtGPT2_1876,crystallizable
gen_crystal_ProtGPT2_1877,crystallizable
gen_crystal_ProtGPT2_1878,non-crystallizable
gen_crystal_ProtGPT2_1879,crystallizable
gen_crystal_ProtGPT2_1880,crystallizable
gen_crystal_ProtGPT2_1881,crystallizable
gen_crystal_ProtGPT2_1882,crystallizable
gen_crystal_ProtGPT2_1883,crystallizable
gen_crystal_ProtGPT2_1884,crystallizable
gen_crystal_ProtGPT2_1885,non-crystallizable
gen_crystal_ProtGPT2_1886,crystallizable
gen_crystal_ProtGPT2_1887,crystallizable
gen_crystal_ProtGPT2_1888,non-crystallizable
gen_crystal_ProtGPT2_1889,crystallizable
gen_crystal_ProtGPT2_1890,crystallizable
gen_crystal_ProtGPT2_1891,non-crystallizable
gen_crystal_ProtGPT2_1892,crystallizable
gen_crystal_ProtGPT2_1893,non-crystallizable
gen_crystal_ProtGPT2_1894,crystallizable
gen_crystal_ProtGPT2_1895,crystallizable
gen_crystal_ProtGPT2_1896,non-crystallizable
gen_crystal_ProtGPT2_1897,non-crystallizable
gen_crystal_ProtGPT2_1898,crystallizable
gen_crystal_ProtGPT2_1899,crystallizable
gen_crystal_ProtGPT2_1900,crystallizable
gen_crystal_ProtGPT2_1901,non-crystallizable
gen_crystal_ProtGPT2_1902,non-crystallizable
gen_crystal_ProtGPT2_1903,crystallizable
gen_crystal_ProtGPT2_1904,non-crystallizable
gen_crystal_ProtGPT2_1905,crystallizable
gen_crystal_ProtGPT2_1906,crystallizable
gen_crystal_ProtGPT2_1907,non-crystallizable
gen_crystal_ProtGPT2_1908,crystallizable
gen_crystal_ProtGPT2_1909,crystallizable
gen_crystal_ProtGPT2_1910,crystallizable
gen_crystal_ProtGPT2_1911,crystallizable
gen_crystal_ProtGPT2_1912,crystallizable
gen_crystal_ProtGPT2_1913,non-crystallizable
gen_crystal_ProtGPT2_1914,non-crystallizable
gen_crystal_ProtGPT2_1915,non-crystallizable
gen_crystal_ProtGPT2_1916,crystallizable
gen_crystal_ProtGPT2_1917,non-crystallizable
gen_crystal_ProtGPT2_1918,crystallizable
gen_crystal_ProtGPT2_1919,non-crystallizable
gen_crystal_ProtGPT2_1920,crystallizable
gen_crystal_ProtGPT2_1921,crystallizable
gen_crystal_ProtGPT2_1922,non-crystallizable
gen_crystal_ProtGPT2_1923,non-crystallizable
gen_crystal_ProtGPT2_1924,crystallizable
gen_crystal_ProtGPT2_1925,crystallizable
gen_crystal_ProtGPT2_1926,non-crystallizable
gen_crystal_ProtGPT2_1927,crystallizable
gen_crystal_ProtGPT2_1928,crystallizable
gen_crystal_ProtGPT2_1929,crystallizable
gen_crystal_ProtGPT2_1930,crystallizable
gen_crystal_ProtGPT2_1931,crystallizable
gen_crystal_ProtGPT2_1932,crystallizable
gen_crystal_ProtGPT2_1933,crystallizable
gen_crystal_ProtGPT2_1934,crystallizable
gen_crystal_ProtGPT2_1935,crystallizable
gen_crystal_ProtGPT2_1936,crystallizable
gen_crystal_ProtGPT2_1937,non-crystallizable
gen_crystal_ProtGPT2_1938,crystallizable
gen_crystal_ProtGPT2_1939,non-crystallizable
gen_crystal_ProtGPT2_1940,crystallizable
gen_crystal_ProtGPT2_1941,non-crystallizable
gen_crystal_ProtGPT2_1942,crystallizable
gen_crystal_ProtGPT2_1943,crystallizable
gen_crystal_ProtGPT2_1944,non-crystallizable
gen_crystal_ProtGPT2_1945,crystallizable
gen_crystal_ProtGPT2_1946,crystallizable
gen_crystal_ProtGPT2_1947,crystallizable
gen_crystal_ProtGPT2_1948,crystallizable
gen_crystal_ProtGPT2_1949,crystallizable
gen_crystal_ProtGPT2_1950,crystallizable
gen_crystal_ProtGPT2_1951,crystallizable
gen_crystal_ProtGPT2_1952,crystallizable
gen_crystal_ProtGPT2_1953,crystallizable
gen_crystal_ProtGPT2_1954,crystallizable
gen_crystal_ProtGPT2_1955,crystallizable
gen_crystal_ProtGPT2_1956,crystallizable
gen_crystal_ProtGPT2_1957,crystallizable
gen_crystal_ProtGPT2_1958,crystallizable
gen_crystal_ProtGPT2_1959,crystallizable
gen_crystal_ProtGPT2_1960,crystallizable
gen_crystal_ProtGPT2_1961,non-crystallizable
gen_crystal_ProtGPT2_1962,crystallizable
gen_crystal_ProtGPT2_1963,crystallizable
gen_crystal_ProtGPT2_1964,crystallizable
gen_crystal_ProtGPT2_1965,non-crystallizable
gen_crystal_ProtGPT2_1966,crystallizable
gen_crystal_ProtGPT2_1967,crystallizable
gen_crystal_ProtGPT2_1968,crystallizable
gen_crystal_ProtGPT2_1969,crystallizable
gen_crystal_ProtGPT2_1970,crystallizable
gen_crystal_ProtGPT2_1971,crystallizable
gen_crystal_ProtGPT2_1972,crystallizable
gen_crystal_ProtGPT2_1973,crystallizable
gen_crystal_ProtGPT2_1974,crystallizable
gen_crystal_ProtGPT2_1975,crystallizable
gen_crystal_ProtGPT2_1976,crystallizable
gen_crystal_ProtGPT2_1977,non-crystallizable
gen_crystal_ProtGPT2_1978,crystallizable
gen_crystal_ProtGPT2_1979,crystallizable
gen_crystal_ProtGPT2_1980,crystallizable
gen_crystal_ProtGPT2_1981,crystallizable
gen_crystal_ProtGPT2_1982,crystallizable
gen_crystal_ProtGPT2_1983,non-crystallizable
gen_crystal_ProtGPT2_1984,crystallizable
gen_crystal_ProtGPT2_1985,crystallizable
gen_crystal_ProtGPT2_1986,crystallizable
gen_crystal_ProtGPT2_1987,crystallizable
gen_crystal_ProtGPT2_1988,crystallizable
gen_crystal_ProtGPT2_1989,crystallizable
gen_crystal_ProtGPT2_1990,crystallizable
gen_crystal_ProtGPT2_1991,crystallizable
gen_crystal_ProtGPT2_1992,crystallizable
gen_crystal_ProtGPT2_1993,crystallizable
gen_crystal_ProtGPT2_1994,crystallizable
gen_crystal_ProtGPT2_1995,crystallizable
gen_crystal_ProtGPT2_1996,non-crystallizable
gen_crystal_ProtGPT2_1997,crystallizable
gen_crystal_ProtGPT2_1998,crystallizable
gen_crystal_ProtGPT2_1999,crystallizable
