Prediction,Label
non-crystallizable,Train129
crystallizable,Train970
non-crystallizable,Train13382
non-crystallizable,Train7116
non-crystallizable,Train3075
non-crystallizable,Train7977
non-crystallizable,Train13310
crystallizable,Train3276
non-crystallizable,Train16850
crystallizable,Train7608
non-crystallizable,Train14790
non-crystallizable,Train18573
non-crystallizable,Train24606
non-crystallizable,Train15327
non-crystallizable,Train17103
crystallizable,Train1041
non-crystallizable,Train23471
non-crystallizable,Train13829
non-crystallizable,Train12496
non-crystallizable,Train1852
crystallizable,Train666
crystallizable,Train2635
non-crystallizable,Train24588
crystallizable,Train14678
non-crystallizable,Train23965
non-crystallizable,Train22227
non-crystallizable,Train8511
non-crystallizable,Train19469
crystallizable,Train361
crystallizable,Train768
non-crystallizable,Train3793
non-crystallizable,Train1756
crystallizable,Train260
non-crystallizable,Train22784
crystallizable,Train1794
non-crystallizable,Train10742
non-crystallizable,Train4844
non-crystallizable,Train13252
crystallizable,Train366
non-crystallizable,Train7275
non-crystallizable,Train12118
non-crystallizable,Train21493
non-crystallizable,Train7072
non-crystallizable,Train24658
non-crystallizable,Train19160
crystallizable,Train2228
non-crystallizable,Train10364
non-crystallizable,Train729
crystallizable,Train2921
non-crystallizable,Train11749
crystallizable,Train730
non-crystallizable,Train8275
non-crystallizable,Train25153
crystallizable,Train8749
non-crystallizable,Train3920
non-crystallizable,Train12083
non-crystallizable,Train17343
non-crystallizable,Train1513
crystallizable,Train3832
non-crystallizable,Train4918
non-crystallizable,Train16327
non-crystallizable,Train24702
non-crystallizable,Train8082
non-crystallizable,Train14912
non-crystallizable,Train15402
crystallizable,Train24443
non-crystallizable,Train13874
non-crystallizable,Train16211
non-crystallizable,Train16172
non-crystallizable,Train12297
non-crystallizable,Train7535
crystallizable,Train216
non-crystallizable,Train3352
non-crystallizable,Train13873
non-crystallizable,Train3754
non-crystallizable,Train5540
crystallizable,Train5174
non-crystallizable,Train18072
non-crystallizable,Train5070
non-crystallizable,Train21065
non-crystallizable,Train4370
non-crystallizable,Train16801
non-crystallizable,Train23305
non-crystallizable,Train14973
non-crystallizable,Train14703
crystallizable,Train518
crystallizable,Train6983
non-crystallizable,Train11956
non-crystallizable,Train16410
non-crystallizable,Train3113
non-crystallizable,Train21262
non-crystallizable,Train24621
non-crystallizable,Train13150
non-crystallizable,Train8231
crystallizable,Train16305
non-crystallizable,Train19492
crystallizable,Train3470
non-crystallizable,Train21873
non-crystallizable,Train7987
non-crystallizable,Train17950
non-crystallizable,Train14577
non-crystallizable,Train18285
non-crystallizable,Train11566
non-crystallizable,Train3604
non-crystallizable,Train5874
non-crystallizable,Train5394
non-crystallizable,Train638
crystallizable,Train442
non-crystallizable,Train25826
non-crystallizable,Train22848
crystallizable,Train2550
non-crystallizable,Train4013
non-crystallizable,Train20640
non-crystallizable,Train17199
non-crystallizable,Train6021
non-crystallizable,Train5508
non-crystallizable,Train1669
non-crystallizable,Train22895
crystallizable,Train4451
non-crystallizable,Train18323
non-crystallizable,Train25720
crystallizable,Train7234
non-crystallizable,Train6971
non-crystallizable,Train8022
crystallizable,Train510
non-crystallizable,Train9032
non-crystallizable,Train25475
non-crystallizable,Train14863
crystallizable,Train434
non-crystallizable,Train4131
non-crystallizable,Train23480
crystallizable,Train2467
non-crystallizable,Train3851
non-crystallizable,Train24802
non-crystallizable,Train9238
non-crystallizable,Train8009
crystallizable,Train205
crystallizable,Train2692
non-crystallizable,Train11778
crystallizable,Train9605
crystallizable,Train14676
non-crystallizable,Train16320
non-crystallizable,Train13282
crystallizable,Train15212
non-crystallizable,Train8937
crystallizable,Train23122
non-crystallizable,Train14281
crystallizable,Train7902
non-crystallizable,Train6921
crystallizable,Train1428
non-crystallizable,Train9076
non-crystallizable,Train9172
non-crystallizable,Train5278
non-crystallizable,Train23911
crystallizable,Train3331
crystallizable,Train9343
non-crystallizable,Train13649
non-crystallizable,Train68
non-crystallizable,Train1538
crystallizable,Train3094
non-crystallizable,Train18430
crystallizable,Train3656
non-crystallizable,Train24286
non-crystallizable,Train22131
non-crystallizable,Train6078
non-crystallizable,Train8061
non-crystallizable,Train1204
crystallizable,Train14426
non-crystallizable,Train11946
crystallizable,Train1508
crystallizable,Train8024
non-crystallizable,Train8438
non-crystallizable,Train21577
non-crystallizable,Train12902
non-crystallizable,Train11463
non-crystallizable,Train9732
non-crystallizable,Train13365
non-crystallizable,Train24384
non-crystallizable,Train7062
non-crystallizable,Train25733
crystallizable,Train4829
non-crystallizable,Train11909
crystallizable,Train1340
non-crystallizable,Train12090
crystallizable,Train1888
crystallizable,Train2792
crystallizable,Train483
non-crystallizable,Train25366
non-crystallizable,Train8365
non-crystallizable,Train25893
crystallizable,Train5180
non-crystallizable,Train73
non-crystallizable,Train3463
crystallizable,Train1021
non-crystallizable,Train7446
crystallizable,Train4338
non-crystallizable,Train542
non-crystallizable,Train18792
non-crystallizable,Train20251
non-crystallizable,Train17557
non-crystallizable,Train13214
non-crystallizable,Train25920
non-crystallizable,Train8345
non-crystallizable,Train11063
crystallizable,Train1448
non-crystallizable,Train1094
non-crystallizable,Train10017
crystallizable,Train2947
non-crystallizable,Train2466
non-crystallizable,Train15368
non-crystallizable,Train15264
non-crystallizable,Train25617
non-crystallizable,Train9253
non-crystallizable,Train18730
crystallizable,Train445
non-crystallizable,Train2223
non-crystallizable,Train14980
non-crystallizable,Train22668
non-crystallizable,Train13735
non-crystallizable,Train378
non-crystallizable,Train1961
non-crystallizable,Train5371
crystallizable,Train450
non-crystallizable,Train6746
non-crystallizable,Train12951
crystallizable,Train3453
non-crystallizable,Train12431
non-crystallizable,Train20204
crystallizable,Train3084
crystallizable,Train4086
non-crystallizable,Train13942
non-crystallizable,Train7841
non-crystallizable,Train13734
crystallizable,Train5319
non-crystallizable,Train16628
non-crystallizable,Train16457
non-crystallizable,Train16321
non-crystallizable,Train22872
non-crystallizable,Train14173
non-crystallizable,Train10357
non-crystallizable,Train11385
non-crystallizable,Train23603
non-crystallizable,Train6991
crystallizable,Train5572
non-crystallizable,Train16298
non-crystallizable,Train16226
crystallizable,Train2109
crystallizable,Train105
non-crystallizable,Train24596
non-crystallizable,Train23580
crystallizable,Train85
non-crystallizable,Train6669
crystallizable,Train392
non-crystallizable,Train15256
non-crystallizable,Train21304
non-crystallizable,Train4895
non-crystallizable,Train11906
non-crystallizable,Train14804
crystallizable,Train21344
non-crystallizable,Train11904
non-crystallizable,Train7085
non-crystallizable,Train25476
non-crystallizable,Train11882
non-crystallizable,Train11041
non-crystallizable,Train4015
non-crystallizable,Train12270
crystallizable,Train925
crystallizable,Train24161
crystallizable,Train3692
non-crystallizable,Train16727
non-crystallizable,Train676
non-crystallizable,Train3959
non-crystallizable,Train13250
non-crystallizable,Train12966
non-crystallizable,Train19398
non-crystallizable,Train1906
non-crystallizable,Train16480
non-crystallizable,Train25735
non-crystallizable,Train16638
non-crystallizable,Train24516
crystallizable,Train15673
non-crystallizable,Train4752
non-crystallizable,Train12441
non-crystallizable,Train1721
non-crystallizable,Train11718
non-crystallizable,Train8769
non-crystallizable,Train7895
non-crystallizable,Train11735
non-crystallizable,Train17083
non-crystallizable,Train7387
non-crystallizable,Train4930
crystallizable,Train3433
non-crystallizable,Train12822
non-crystallizable,Train7911
non-crystallizable,Train23364
crystallizable,Train3061
crystallizable,Train9715
non-crystallizable,Train19604
non-crystallizable,Train12028
crystallizable,Train338
non-crystallizable,Train3062
non-crystallizable,Train2357
non-crystallizable,Train13481
non-crystallizable,Train22365
non-crystallizable,Train12089
non-crystallizable,Train21983
non-crystallizable,Train8451
non-crystallizable,Train13740
non-crystallizable,Train505
non-crystallizable,Train1684
non-crystallizable,Train25318
non-crystallizable,Train16855
crystallizable,Train4248
non-crystallizable,Train6288
crystallizable,Train3547
non-crystallizable,Train25561
crystallizable,Train16181
non-crystallizable,Train25219
non-crystallizable,Train20281
non-crystallizable,Train18387
non-crystallizable,Train2799
non-crystallizable,Train14640
crystallizable,Train4616
non-crystallizable,Train12442
non-crystallizable,Train23708
non-crystallizable,Train2146
crystallizable,Train18512
non-crystallizable,Train19860
crystallizable,Train23130
non-crystallizable,Train19057
non-crystallizable,Train21862
non-crystallizable,Train15941
non-crystallizable,Train6737
non-crystallizable,Train3902
crystallizable,Train2773
non-crystallizable,Train11097
non-crystallizable,Train13710
non-crystallizable,Train11590
non-crystallizable,Train16686
crystallizable,Train3973
non-crystallizable,Train886
non-crystallizable,Train20186
non-crystallizable,Train15096
non-crystallizable,Train2159
non-crystallizable,Train390
non-crystallizable,Train14695
non-crystallizable,Train23178
non-crystallizable,Train8252
non-crystallizable,Train1493
non-crystallizable,Train5674
non-crystallizable,Train7742
non-crystallizable,Train21845
crystallizable,Train2986
non-crystallizable,Train6676
non-crystallizable,Train24673
non-crystallizable,Train2654
non-crystallizable,Train15662
non-crystallizable,Train14567
crystallizable,Train375
non-crystallizable,Train9839
non-crystallizable,Train22171
non-crystallizable,Train456
non-crystallizable,Train5247
crystallizable,Train3338
crystallizable,Train4112
non-crystallizable,Train7755
non-crystallizable,Train20414
crystallizable,Train1265
non-crystallizable,Train13984
crystallizable,Train694
non-crystallizable,Train12894
non-crystallizable,Train11191
non-crystallizable,Train8679
non-crystallizable,Train16730
non-crystallizable,Train11861
non-crystallizable,Train17022
crystallizable,Train473
non-crystallizable,Train16644
crystallizable,Train476
crystallizable,Train2533
crystallizable,Train10582
crystallizable,Train25776
non-crystallizable,Train6801
crystallizable,Train3228
non-crystallizable,Train25470
non-crystallizable,Train4920
non-crystallizable,Train7672
non-crystallizable,Train7607
non-crystallizable,Train4346
non-crystallizable,Train1088
non-crystallizable,Train17485
crystallizable,Train332
non-crystallizable,Train7416
non-crystallizable,Train18344
non-crystallizable,Train25276
non-crystallizable,Train11711
crystallizable,Train360
non-crystallizable,Train8037
non-crystallizable,Train1319
crystallizable,Train3506
non-crystallizable,Train23971
non-crystallizable,Train7327
non-crystallizable,Train7425
non-crystallizable,Train17397
non-crystallizable,Train23886
non-crystallizable,Train16534
non-crystallizable,Train23647
non-crystallizable,Train7676
non-crystallizable,Train5495
non-crystallizable,Train7573
non-crystallizable,Train24347
non-crystallizable,Train21849
non-crystallizable,Train25015
non-crystallizable,Train17606
crystallizable,Train9624
non-crystallizable,Train7855
crystallizable,Train25195
non-crystallizable,Train25315
non-crystallizable,Train4711
non-crystallizable,Train11971
crystallizable,Train5292
non-crystallizable,Train2240
non-crystallizable,Train21377
non-crystallizable,Train20783
non-crystallizable,Train13037
crystallizable,Train6802
non-crystallizable,Train10643
non-crystallizable,Train15572
non-crystallizable,Train22941
non-crystallizable,Train14592
non-crystallizable,Train24644
crystallizable,Train9438
non-crystallizable,Train8841
non-crystallizable,Train15921
crystallizable,Train11171
non-crystallizable,Train1044
non-crystallizable,Train23325
crystallizable,Train2515
crystallizable,Train18459
non-crystallizable,Train20049
non-crystallizable,Train24079
non-crystallizable,Train5880
non-crystallizable,Train7060
non-crystallizable,Train19994
non-crystallizable,Train20416
crystallizable,Train603
non-crystallizable,Train1964
non-crystallizable,Train10964
non-crystallizable,Train7960
non-crystallizable,Train10832
non-crystallizable,Train1748
non-crystallizable,Train21853
non-crystallizable,Train8532
non-crystallizable,Train21012
crystallizable,Train10245
non-crystallizable,Train25690
non-crystallizable,Train23195
non-crystallizable,Train4758
crystallizable,Train3526
non-crystallizable,Train14042
non-crystallizable,Train24430
non-crystallizable,Train21257
non-crystallizable,Train7447
non-crystallizable,Train20896
non-crystallizable,Train14074
non-crystallizable,Train12689
non-crystallizable,Train3583
crystallizable,Train17353
crystallizable,Train4115
non-crystallizable,Train10889
non-crystallizable,Train12502
non-crystallizable,Train3934
non-crystallizable,Train16108
non-crystallizable,Train4204
non-crystallizable,Train2295
non-crystallizable,Train1732
non-crystallizable,Train23196
non-crystallizable,Train21677
non-crystallizable,Train11565
non-crystallizable,Train11692
crystallizable,Train24064
non-crystallizable,Train23706
non-crystallizable,Train18659
non-crystallizable,Train2145
non-crystallizable,Train5831
crystallizable,Train18440
non-crystallizable,Train23128
non-crystallizable,Train23818
non-crystallizable,Train25172
non-crystallizable,Train18622
non-crystallizable,Train9184
non-crystallizable,Train18948
crystallizable,Train13
crystallizable,Train3555
non-crystallizable,Train10330
crystallizable,Train16391
crystallizable,Train2485
non-crystallizable,Train9048
non-crystallizable,Train2439
non-crystallizable,Train15207
non-crystallizable,Train14877
non-crystallizable,Train13789
non-crystallizable,Train14986
non-crystallizable,Train11916
non-crystallizable,Train22231
non-crystallizable,Train12539
non-crystallizable,Train25272
non-crystallizable,Train4589
non-crystallizable,Train24143
non-crystallizable,Train7252
non-crystallizable,Train1631
non-crystallizable,Train8046
non-crystallizable,Train16286
non-crystallizable,Train856
non-crystallizable,Train23817
non-crystallizable,Train11547
crystallizable,Train2023
non-crystallizable,Train8531
non-crystallizable,Train21137
non-crystallizable,Train13245
non-crystallizable,Train20799
non-crystallizable,Train1934
crystallizable,Train2803
crystallizable,Train1829
non-crystallizable,Train17522
non-crystallizable,Train23628
non-crystallizable,Train16807
non-crystallizable,Train1955
crystallizable,Train2027
crystallizable,Train920
non-crystallizable,Train21819
non-crystallizable,Train12532
crystallizable,Train4180
non-crystallizable,Train1568
non-crystallizable,Train8938
non-crystallizable,Train7248
non-crystallizable,Train2693
crystallizable,Train3026
non-crystallizable,Train3124
non-crystallizable,Train16484
non-crystallizable,Train7009
non-crystallizable,Train22854
non-crystallizable,Train1296
non-crystallizable,Train15471
non-crystallizable,Train17254
non-crystallizable,Train15855
non-crystallizable,Train7824
crystallizable,Train4444
non-crystallizable,Train12519
non-crystallizable,Train14708
non-crystallizable,Train115
non-crystallizable,Train15755
non-crystallizable,Train16618
non-crystallizable,Train1812
non-crystallizable,Train23716
non-crystallizable,Train3805
non-crystallizable,Train3630
crystallizable,Train11217
non-crystallizable,Train18724
non-crystallizable,Train4268
non-crystallizable,Train17005
non-crystallizable,Train19274
non-crystallizable,Train16741
non-crystallizable,Train22831
non-crystallizable,Train7584
non-crystallizable,Train4668
non-crystallizable,Train16133
non-crystallizable,Train3863
non-crystallizable,Train24368
non-crystallizable,Train16931
crystallizable,Train3406
non-crystallizable,Train1918
crystallizable,Train10075
crystallizable,Train9
non-crystallizable,Train15152
non-crystallizable,Train20121
non-crystallizable,Train6723
non-crystallizable,Train23842
non-crystallizable,Train13848
non-crystallizable,Train6579
crystallizable,Train2258
non-crystallizable,Train23710
non-crystallizable,Train21011
non-crystallizable,Train10191
non-crystallizable,Train13772
non-crystallizable,Train25829
non-crystallizable,Train22841
non-crystallizable,Train20239
non-crystallizable,Train7956
non-crystallizable,Train7991
crystallizable,Train3569
non-crystallizable,Train7135
non-crystallizable,Train13938
non-crystallizable,Train17467
non-crystallizable,Train9543
non-crystallizable,Train1709
crystallizable,Train24493
non-crystallizable,Train4662
non-crystallizable,Train7125
non-crystallizable,Train7909
non-crystallizable,Train7615
crystallizable,Train3510
non-crystallizable,Train7016
non-crystallizable,Train10248
non-crystallizable,Train12743
non-crystallizable,Train18363
non-crystallizable,Train23164
non-crystallizable,Train25365
non-crystallizable,Train25138
crystallizable,Train7916
non-crystallizable,Train14156
non-crystallizable,Train4987
non-crystallizable,Train10997
non-crystallizable,Train7502
non-crystallizable,Train4213
crystallizable,Train2699
crystallizable,Train2572
non-crystallizable,Train18914
crystallizable,Train2631
crystallizable,Train1334
non-crystallizable,Train7883
non-crystallizable,Train859
non-crystallizable,Train9210
non-crystallizable,Train19347
non-crystallizable,Train4724
non-crystallizable,Train11465
non-crystallizable,Train17979
non-crystallizable,Train18423
crystallizable,Train4660
crystallizable,Train4441
non-crystallizable,Train15960
non-crystallizable,Train14268
crystallizable,Train3334
non-crystallizable,Train7182
non-crystallizable,Train13682
non-crystallizable,Train7990
non-crystallizable,Train8038
non-crystallizable,Train4430
crystallizable,Train1003
non-crystallizable,Train24739
non-crystallizable,Train2437
non-crystallizable,Train22930
crystallizable,Train2091
non-crystallizable,Train20140
non-crystallizable,Train19667
crystallizable,Train17533
crystallizable,Train15224
crystallizable,Train8850
non-crystallizable,Train5921
crystallizable,Train93
non-crystallizable,Train17506
crystallizable,Train18575
non-crystallizable,Train14798
crystallizable,Train2477
non-crystallizable,Train22631
non-crystallizable,Train19122
non-crystallizable,Train15771
non-crystallizable,Train11185
crystallizable,Train2512
crystallizable,Train2989
crystallizable,Train4576
non-crystallizable,Train8078
crystallizable,Train16251
non-crystallizable,Train23878
non-crystallizable,Train19386
non-crystallizable,Train8317
non-crystallizable,Train12710
non-crystallizable,Train10980
non-crystallizable,Train9519
non-crystallizable,Train15236
non-crystallizable,Train23749
crystallizable,Train753
non-crystallizable,Train22301
non-crystallizable,Train12096
crystallizable,Train854
crystallizable,Train469
non-crystallizable,Train3600
non-crystallizable,Train21748
crystallizable,Train11347
non-crystallizable,Train12760
non-crystallizable,Train13977
crystallizable,Train5945
non-crystallizable,Train12007
non-crystallizable,Train13628
non-crystallizable,Train12216
non-crystallizable,Train4741
crystallizable,Train4538
non-crystallizable,Train25509
non-crystallizable,Train16222
non-crystallizable,Train7117
non-crystallizable,Train17512
non-crystallizable,Train14983
crystallizable,Train3803
non-crystallizable,Train8051
non-crystallizable,Train7459
non-crystallizable,Train20745
non-crystallizable,Train18373
non-crystallizable,Train625
non-crystallizable,Train3010
non-crystallizable,Train4411
crystallizable,Train1771
non-crystallizable,Train11151
non-crystallizable,Train14098
non-crystallizable,Train16008
non-crystallizable,Train17573
non-crystallizable,Train24153
non-crystallizable,Train7955
non-crystallizable,Train7246
non-crystallizable,Train22889
non-crystallizable,Train11094
non-crystallizable,Train6994
non-crystallizable,Train2076
non-crystallizable,Train2044
non-crystallizable,Train25296
non-crystallizable,Train22406
crystallizable,Train8933
non-crystallizable,Train5811
crystallizable,Train10067
crystallizable,Train379
non-crystallizable,Train16244
non-crystallizable,Train4649
non-crystallizable,Train11953
crystallizable,Train438
non-crystallizable,Train14626
non-crystallizable,Train7617
non-crystallizable,Train23173
non-crystallizable,Train15187
non-crystallizable,Train2066
non-crystallizable,Train9023
crystallizable,Train8134
crystallizable,Train3409
crystallizable,Train8852
non-crystallizable,Train6761
non-crystallizable,Train8853
crystallizable,Train2658
non-crystallizable,Train24984
non-crystallizable,Train20157
non-crystallizable,Train24428
non-crystallizable,Train18917
non-crystallizable,Train9872
non-crystallizable,Train14304
non-crystallizable,Train13862
non-crystallizable,Train4285
non-crystallizable,Train1357
crystallizable,Train15335
non-crystallizable,Train11584
non-crystallizable,Train16738
non-crystallizable,Train14899
non-crystallizable,Train24114
non-crystallizable,Train12594
non-crystallizable,Train3194
crystallizable,Train8126
non-crystallizable,Train9040
crystallizable,Train18023
non-crystallizable,Train14711
non-crystallizable,Train4715
non-crystallizable,Train24449
non-crystallizable,Train11903
non-crystallizable,Train8658
non-crystallizable,Train22804
non-crystallizable,Train20547
crystallizable,Train3182
non-crystallizable,Train25136
non-crystallizable,Train9666
non-crystallizable,Train21640
non-crystallizable,Train14227
non-crystallizable,Train16416
non-crystallizable,Train7362
non-crystallizable,Train2582
non-crystallizable,Train17985
non-crystallizable,Train14160
non-crystallizable,Train25594
non-crystallizable,Train2543
non-crystallizable,Train4898
non-crystallizable,Train14429
crystallizable,Train3305
non-crystallizable,Train13925
non-crystallizable,Train4886
non-crystallizable,Train7124
non-crystallizable,Train17800
non-crystallizable,Train11859
crystallizable,Train2833
non-crystallizable,Train23275
non-crystallizable,Train8894
non-crystallizable,Train7974
non-crystallizable,Train13855
non-crystallizable,Train9773
non-crystallizable,Train18744
non-crystallizable,Train7474
non-crystallizable,Train4705
non-crystallizable,Train13339
non-crystallizable,Train23914
non-crystallizable,Train12842
non-crystallizable,Train5558
non-crystallizable,Train21923
non-crystallizable,Train16115
non-crystallizable,Train16936
non-crystallizable,Train23899
non-crystallizable,Train16364
non-crystallizable,Train3057
non-crystallizable,Train24734
non-crystallizable,Train5251
non-crystallizable,Train25246
crystallizable,Train1147
non-crystallizable,Train22953
non-crystallizable,Train7871
crystallizable,Train1835
non-crystallizable,Train8461
non-crystallizable,Train20892
non-crystallizable,Train20557
non-crystallizable,Train3175
non-crystallizable,Train11422
non-crystallizable,Train3300
non-crystallizable,Train24357
non-crystallizable,Train7845
crystallizable,Train15975
non-crystallizable,Train18884
crystallizable,Train3571
non-crystallizable,Train17932
crystallizable,Train5468
non-crystallizable,Train12258
non-crystallizable,Train23002
non-crystallizable,Train4921
non-crystallizable,Train6077
non-crystallizable,Train9258
non-crystallizable,Train20174
non-crystallizable,Train12764
crystallizable,Train626
non-crystallizable,Train13036
non-crystallizable,Train16366
non-crystallizable,Train25795
non-crystallizable,Train11416
crystallizable,Train2882
non-crystallizable,Train7552
non-crystallizable,Train4730
non-crystallizable,Train22490
non-crystallizable,Train17897
non-crystallizable,Train25137
crystallizable,Train8809
non-crystallizable,Train3760
crystallizable,Train3070
non-crystallizable,Train7812
crystallizable,Train2957
non-crystallizable,Train11479
non-crystallizable,Train15457
crystallizable,Train14700
non-crystallizable,Train9902
crystallizable,Train3738
non-crystallizable,Train11700
non-crystallizable,Train22209
non-crystallizable,Train9798
non-crystallizable,Train9532
non-crystallizable,Train7546
non-crystallizable,Train18756
non-crystallizable,Train24897
crystallizable,Train1156
crystallizable,Train763
non-crystallizable,Train2590
non-crystallizable,Train16409
non-crystallizable,Train25793
non-crystallizable,Train25207
non-crystallizable,Train18193
non-crystallizable,Train15146
crystallizable,Train21246
non-crystallizable,Train18183
crystallizable,Train515
non-crystallizable,Train583
non-crystallizable,Train17580
non-crystallizable,Train7398
non-crystallizable,Train8315
non-crystallizable,Train6483
non-crystallizable,Train14872
non-crystallizable,Train20038
non-crystallizable,Train18470
non-crystallizable,Train3818
non-crystallizable,Train94
crystallizable,Train3310
non-crystallizable,Train24615
crystallizable,Train1158
non-crystallizable,Train14950
non-crystallizable,Train12111
non-crystallizable,Train13785
non-crystallizable,Train1095
non-crystallizable,Train15639
non-crystallizable,Train25268
crystallizable,Train6387
non-crystallizable,Train18614
non-crystallizable,Train19562
non-crystallizable,Train2232
non-crystallizable,Train15801
crystallizable,Train9836
non-crystallizable,Train7329
non-crystallizable,Train25590
non-crystallizable,Train25270
crystallizable,Train3022
crystallizable,Train2606
non-crystallizable,Train4329
non-crystallizable,Train24657
non-crystallizable,Train7879
crystallizable,Train2335
non-crystallizable,Train7315
non-crystallizable,Train10863
non-crystallizable,Train21789
non-crystallizable,Train12448
crystallizable,Train3296
non-crystallizable,Train17034
crystallizable,Train16393
non-crystallizable,Train14730
non-crystallizable,Train9072
non-crystallizable,Train11194
non-crystallizable,Train10723
non-crystallizable,Train4897
crystallizable,Train559
crystallizable,Train6815
non-crystallizable,Train6562
non-crystallizable,Train12282
non-crystallizable,Train2459
non-crystallizable,Train24557
non-crystallizable,Train14393
non-crystallizable,Train12714
non-crystallizable,Train22844
non-crystallizable,Train18352
crystallizable,Train3579
non-crystallizable,Train811
crystallizable,Train701
crystallizable,Train2694
non-crystallizable,Train16346
non-crystallizable,Train15086
non-crystallizable,Train8534
non-crystallizable,Train12265
non-crystallizable,Train20635
crystallizable,Train6805
non-crystallizable,Train6939
non-crystallizable,Train23853
non-crystallizable,Train21776
crystallizable,Train2763
crystallizable,Train3240
non-crystallizable,Train10543
crystallizable,Train2760
non-crystallizable,Train23311
non-crystallizable,Train7392
non-crystallizable,Train16901
non-crystallizable,Train3655
non-crystallizable,Train13351
non-crystallizable,Train6814
non-crystallizable,Train13356
non-crystallizable,Train4674
crystallizable,Train4177
non-crystallizable,Train7652
non-crystallizable,Train7680
non-crystallizable,Train12044
non-crystallizable,Train20939
crystallizable,Train25419
non-crystallizable,Train14116
non-crystallizable,Train15474
non-crystallizable,Train16543
non-crystallizable,Train11720
non-crystallizable,Train5800
non-crystallizable,Train19648
crystallizable,Train1632
non-crystallizable,Train16829
non-crystallizable,Train16897
non-crystallizable,Train19653
crystallizable,Train18557
non-crystallizable,Train20399
non-crystallizable,Train4967
crystallizable,Train1825
non-crystallizable,Train440
non-crystallizable,Train1386
non-crystallizable,Train4853
crystallizable,Train2704
non-crystallizable,Train6298
crystallizable,Train3460
non-crystallizable,Train11468
crystallizable,Train6413
non-crystallizable,Train22350
non-crystallizable,Train14808
non-crystallizable,Train17951
non-crystallizable,Train5333
non-crystallizable,Train15775
non-crystallizable,Train7619
non-crystallizable,Train2417
non-crystallizable,Train22865
non-crystallizable,Train143
non-crystallizable,Train7922
crystallizable,Train2577
non-crystallizable,Train7141
non-crystallizable,Train4351
non-crystallizable,Train24104
non-crystallizable,Train8325
non-crystallizable,Train7673
crystallizable,Train2014
non-crystallizable,Train7443
non-crystallizable,Train6952
non-crystallizable,Train20295
non-crystallizable,Train7471
non-crystallizable,Train24123
non-crystallizable,Train8215
non-crystallizable,Train1195
crystallizable,Train197
non-crystallizable,Train10424
non-crystallizable,Train13754
non-crystallizable,Train4698
non-crystallizable,Train20253
non-crystallizable,Train2594
non-crystallizable,Train24374
non-crystallizable,Train25105
non-crystallizable,Train12900
crystallizable,Train7518
non-crystallizable,Train14537
non-crystallizable,Train12013
non-crystallizable,Train292
crystallizable,Train1498
non-crystallizable,Train7079
non-crystallizable,Train1373
non-crystallizable,Train5677
non-crystallizable,Train17488
non-crystallizable,Train22126
non-crystallizable,Train18153
non-crystallizable,Train7198
non-crystallizable,Train1527
crystallizable,Train2486
non-crystallizable,Train14547
non-crystallizable,Train4364
crystallizable,Train5124
non-crystallizable,Train5218
non-crystallizable,Train21805
crystallizable,Train504
non-crystallizable,Train20627
non-crystallizable,Train347
non-crystallizable,Train2151
crystallizable,Train3563
non-crystallizable,Train6270
non-crystallizable,Train21705
non-crystallizable,Train23220
non-crystallizable,Train7491
crystallizable,Train5866
non-crystallizable,Train7508
crystallizable,Train1606
crystallizable,Train16288
non-crystallizable,Train20850
crystallizable,Train2589
non-crystallizable,Train25416
non-crystallizable,Train11483
crystallizable,Train2879
non-crystallizable,Train16449
non-crystallizable,Train1282
non-crystallizable,Train18260
crystallizable,Train593
non-crystallizable,Train21243
non-crystallizable,Train23581
non-crystallizable,Train23907
crystallizable,Train21628
non-crystallizable,Train20163
non-crystallizable,Train22888
crystallizable,Train157
non-crystallizable,Train16262
crystallizable,Train2903
non-crystallizable,Train4937
non-crystallizable,Train21857
non-crystallizable,Train4969
non-crystallizable,Train4820
non-crystallizable,Train21186
non-crystallizable,Train17879
non-crystallizable,Train19262
non-crystallizable,Train23891
non-crystallizable,Train12753
non-crystallizable,Train15964
non-crystallizable,Train17313
non-crystallizable,Train15652
crystallizable,Train2962
non-crystallizable,Train491
crystallizable,Train3177
non-crystallizable,Train14868
non-crystallizable,Train5539
non-crystallizable,Train15428
non-crystallizable,Train21558
non-crystallizable,Train5589
non-crystallizable,Train22952
non-crystallizable,Train11891
non-crystallizable,Train7144
non-crystallizable,Train17972
non-crystallizable,Train20599
crystallizable,Train2035
non-crystallizable,Train67
non-crystallizable,Train1488
non-crystallizable,Train13744
non-crystallizable,Train564
non-crystallizable,Train23816
non-crystallizable,Train19971
crystallizable,Train24236
non-crystallizable,Train14521
non-crystallizable,Train19172
crystallizable,Train5147
non-crystallizable,Train8146
non-crystallizable,Train4770
crystallizable,Train5707
non-crystallizable,Train22280
non-crystallizable,Train18119
non-crystallizable,Train1311
non-crystallizable,Train21687
non-crystallizable,Train20361
non-crystallizable,Train4869
non-crystallizable,Train7461
crystallizable,Train3066
non-crystallizable,Train24229
non-crystallizable,Train8688
non-crystallizable,Train15126
non-crystallizable,Train24395
crystallizable,Train2353
crystallizable,Train2169
non-crystallizable,Train13721
non-crystallizable,Train1686
non-crystallizable,Train19996
non-crystallizable,Train9542
non-crystallizable,Train16392
non-crystallizable,Train13056
non-crystallizable,Train15171
non-crystallizable,Train96
crystallizable,Train4454
non-crystallizable,Train19310
non-crystallizable,Train13880
crystallizable,Train2106
non-crystallizable,Train14320
crystallizable,Train3392
non-crystallizable,Train21457
crystallizable,Train3941
non-crystallizable,Train7557
non-crystallizable,Train19919
non-crystallizable,Train16016
non-crystallizable,Train10355
non-crystallizable,Train7534
non-crystallizable,Train10483
non-crystallizable,Train12759
non-crystallizable,Train4397
non-crystallizable,Train9019
non-crystallizable,Train25026
non-crystallizable,Train774
non-crystallizable,Train1765
non-crystallizable,Train1325
non-crystallizable,Train18160
non-crystallizable,Train18597
non-crystallizable,Train11484
non-crystallizable,Train11540
crystallizable,Train451
non-crystallizable,Train12862
non-crystallizable,Train21402
non-crystallizable,Train21173
crystallizable,Train486
crystallizable,Train2644
crystallizable,Train2909
non-crystallizable,Train25547
non-crystallizable,Train16153
non-crystallizable,Train7110
non-crystallizable,Train22674
non-crystallizable,Train9520
non-crystallizable,Train16574
non-crystallizable,Train4302
non-crystallizable,Train23154
non-crystallizable,Train16763
non-crystallizable,Train14672
non-crystallizable,Train5721
non-crystallizable,Train21017
non-crystallizable,Train424
non-crystallizable,Train16645
crystallizable,Train1935
non-crystallizable,Train15962
non-crystallizable,Train25233
non-crystallizable,Train7568
non-crystallizable,Train25457
non-crystallizable,Train15035
non-crystallizable,Train1435
non-crystallizable,Train16120
crystallizable,Train21517
non-crystallizable,Train3683
non-crystallizable,Train9241
crystallizable,Train1161
non-crystallizable,Train16352
crystallizable,Train3257
non-crystallizable,Train23191
non-crystallizable,Train15835
non-crystallizable,Train18121
crystallizable,Train2596
non-crystallizable,Train12122
crystallizable,Train3271
non-crystallizable,Train7889
non-crystallizable,Train18270
non-crystallizable,Train21710
non-crystallizable,Train14925
non-crystallizable,Train3032
crystallizable,Train2981
non-crystallizable,Train14463
non-crystallizable,Train6892
non-crystallizable,Train22713
non-crystallizable,Train9152
crystallizable,Train76
non-crystallizable,Train21811
non-crystallizable,Train125
non-crystallizable,Train19944
non-crystallizable,Train4669
non-crystallizable,Train19555
non-crystallizable,Train7517
non-crystallizable,Train2546
non-crystallizable,Train14668
non-crystallizable,Train1945
non-crystallizable,Train13953
crystallizable,Train745
non-crystallizable,Train16363
non-crystallizable,Train5616
non-crystallizable,Train15215
non-crystallizable,Train8529
non-crystallizable,Train8335
non-crystallizable,Train14627
non-crystallizable,Train17285
non-crystallizable,Train14488
crystallizable,Train3138
non-crystallizable,Train16893
crystallizable,Train3320
non-crystallizable,Train10478
crystallizable,Train6061
non-crystallizable,Train4008
non-crystallizable,Train21741
crystallizable,Train2573
non-crystallizable,Train3996
crystallizable,Train1160
non-crystallizable,Train14597
non-crystallizable,Train5060
non-crystallizable,Train13919
non-crystallizable,Train1114
non-crystallizable,Train24705
crystallizable,Train190
non-crystallizable,Train8036
non-crystallizable,Train15178
non-crystallizable,Train1153
non-crystallizable,Train2783
non-crystallizable,Train81
non-crystallizable,Train15763
non-crystallizable,Train19612
non-crystallizable,Train23192
crystallizable,Train4303
non-crystallizable,Train15663
non-crystallizable,Train8053
non-crystallizable,Train1502
non-crystallizable,Train4805
non-crystallizable,Train3619
non-crystallizable,Train16600
non-crystallizable,Train20664
non-crystallizable,Train12393
non-crystallizable,Train22943
crystallizable,Train2312
non-crystallizable,Train12697
non-crystallizable,Train25572
non-crystallizable,Train17113
non-crystallizable,Train15413
crystallizable,Train969
non-crystallizable,Train21842
crystallizable,Train4281
crystallizable,Train738
non-crystallizable,Train6990
non-crystallizable,Train14954
non-crystallizable,Train12061
non-crystallizable,Train20025
crystallizable,Train1494
crystallizable,Train1536
crystallizable,Train916
non-crystallizable,Train15032
non-crystallizable,Train2929
crystallizable,Train2666
non-crystallizable,Train14981
crystallizable,Train2985
non-crystallizable,Train24587
crystallizable,Train382
non-crystallizable,Train1436
non-crystallizable,Train8414
crystallizable,Train3395
non-crystallizable,Train14710
non-crystallizable,Train18146
non-crystallizable,Train16649
non-crystallizable,Train22969
crystallizable,Train4083
non-crystallizable,Train12794
non-crystallizable,Train23872
crystallizable,Train975
non-crystallizable,Train18135
non-crystallizable,Train18355
non-crystallizable,Train21886
non-crystallizable,Train18530
non-crystallizable,Train9138
non-crystallizable,Train12
non-crystallizable,Train7884
crystallizable,Train820
crystallizable,Train165
non-crystallizable,Train6321
non-crystallizable,Train15774
non-crystallizable,Train15408
non-crystallizable,Train4768
non-crystallizable,Train23733
non-crystallizable,Train15820
non-crystallizable,Train16026
non-crystallizable,Train6863
non-crystallizable,Train6419
crystallizable,Train15002
crystallizable,Train2608
non-crystallizable,Train22400
non-crystallizable,Train18460
non-crystallizable,Train15802
crystallizable,Train3281
crystallizable,Train403
non-crystallizable,Train14780
crystallizable,Train1623
non-crystallizable,Train10954
non-crystallizable,Train4261
non-crystallizable,Train7409
non-crystallizable,Train16533
non-crystallizable,Train13933
crystallizable,Train6244
non-crystallizable,Train16186
non-crystallizable,Train20793
non-crystallizable,Train7069
non-crystallizable,Train24118
crystallizable,Train1457
non-crystallizable,Train6259
non-crystallizable,Train15150
non-crystallizable,Train21208
non-crystallizable,Train17040
non-crystallizable,Train17297
non-crystallizable,Train24583
crystallizable,Train652
non-crystallizable,Train17154
non-crystallizable,Train1972
non-crystallizable,Train8253
crystallizable,Train7193
non-crystallizable,Train15231
non-crystallizable,Train18616
non-crystallizable,Train18754
non-crystallizable,Train17707
non-crystallizable,Train21852
crystallizable,Train3254
non-crystallizable,Train7588
non-crystallizable,Train13902
non-crystallizable,Train135
crystallizable,Train2936
non-crystallizable,Train7869
non-crystallizable,Train4368
non-crystallizable,Train5383
crystallizable,Train2181
non-crystallizable,Train6421
non-crystallizable,Train478
non-crystallizable,Train21815
crystallizable,Train15359
crystallizable,Train8199
non-crystallizable,Train18090
crystallizable,Train500
non-crystallizable,Train6577
non-crystallizable,Train15909
non-crystallizable,Train13273
crystallizable,Train18509
non-crystallizable,Train5063
non-crystallizable,Train19060
non-crystallizable,Train16245
non-crystallizable,Train18679
crystallizable,Train1322
non-crystallizable,Train22944
non-crystallizable,Train8015
non-crystallizable,Train7348
non-crystallizable,Train22835
non-crystallizable,Train16099
crystallizable,Train1997
crystallizable,Train1046
crystallizable,Train922
crystallizable,Train7809
non-crystallizable,Train12593
non-crystallizable,Train13019
crystallizable,Train6717
non-crystallizable,Train7627
non-crystallizable,Train8467
non-crystallizable,Train16184
non-crystallizable,Train17422
crystallizable,Train3379
non-crystallizable,Train22136
non-crystallizable,Train23809
crystallizable,Train509
non-crystallizable,Train25148
non-crystallizable,Train3761
non-crystallizable,Train24649
crystallizable,Train15372
non-crystallizable,Train4792
crystallizable,Train2122
crystallizable,Train9493
crystallizable,Train3181
non-crystallizable,Train18665
crystallizable,Train25397
crystallizable,Train758
non-crystallizable,Train15326
non-crystallizable,Train25287
crystallizable,Train3410
non-crystallizable,Train15573
non-crystallizable,Train8989
non-crystallizable,Train6981
non-crystallizable,Train18603
non-crystallizable,Train24199
crystallizable,Train14742
non-crystallizable,Train11701
non-crystallizable,Train12093
non-crystallizable,Train13653
non-crystallizable,Train15893
crystallizable,Train5506
non-crystallizable,Train14301
non-crystallizable,Train3720
non-crystallizable,Train3658
non-crystallizable,Train7145
non-crystallizable,Train7524
non-crystallizable,Train13221
non-crystallizable,Train6667
non-crystallizable,Train24665
non-crystallizable,Train7408
non-crystallizable,Train14171
non-crystallizable,Train12683
non-crystallizable,Train15767
non-crystallizable,Train15220
non-crystallizable,Train1136
non-crystallizable,Train22528
non-crystallizable,Train2867
non-crystallizable,Train23720
non-crystallizable,Train2368
non-crystallizable,Train14444
non-crystallizable,Train25237
non-crystallizable,Train12107
crystallizable,Train2396
non-crystallizable,Train21807
non-crystallizable,Train18537
crystallizable,Train3145
non-crystallizable,Train25892
non-crystallizable,Train13757
non-crystallizable,Train4089
non-crystallizable,Train25239
non-crystallizable,Train14979
non-crystallizable,Train20749
non-crystallizable,Train25552
non-crystallizable,Train17778
crystallizable,Train7787
non-crystallizable,Train21618
crystallizable,Train9054
non-crystallizable,Train7718
non-crystallizable,Train18523
non-crystallizable,Train1073
non-crystallizable,Train2167
crystallizable,Train17373
non-crystallizable,Train7865
non-crystallizable,Train7095
non-crystallizable,Train2118
non-crystallizable,Train9214
crystallizable,Train4502
crystallizable,Train2203
non-crystallizable,Train18726
non-crystallizable,Train24148
crystallizable,Train2264
crystallizable,Train19176
crystallizable,Train3536
non-crystallizable,Train18070
crystallizable,Train1608
non-crystallizable,Train17576
non-crystallizable,Train4841
non-crystallizable,Train8464
non-crystallizable,Train9200
non-crystallizable,Train13783
non-crystallizable,Train14283
non-crystallizable,Train11526
non-crystallizable,Train12120
crystallizable,Train18534
crystallizable,Train979
crystallizable,Train2083
non-crystallizable,Train11586
non-crystallizable,Train5858
non-crystallizable,Train24591
crystallizable,Train1033
crystallizable,Train15397
crystallizable,Train307
non-crystallizable,Train11886
crystallizable,Train9393
non-crystallizable,Train21016
non-crystallizable,Train20051
non-crystallizable,Train17597
non-crystallizable,Train4655
non-crystallizable,Train15070
non-crystallizable,Train1921
non-crystallizable,Train21781
non-crystallizable,Train25413
non-crystallizable,Train17398
non-crystallizable,Train20997
non-crystallizable,Train17722
non-crystallizable,Train16642
non-crystallizable,Train9869
non-crystallizable,Train5798
non-crystallizable,Train18514
crystallizable,Train4314
non-crystallizable,Train14436
crystallizable,Train736
non-crystallizable,Train25592
non-crystallizable,Train18063
non-crystallizable,Train15979
non-crystallizable,Train7975
non-crystallizable,Train1272
non-crystallizable,Train15809
non-crystallizable,Train15798
non-crystallizable,Train3834
non-crystallizable,Train13849
non-crystallizable,Train10598
crystallizable,Train2746
non-crystallizable,Train23691
non-crystallizable,Train22947
non-crystallizable,Train16475
non-crystallizable,Train9044
non-crystallizable,Train12331
non-crystallizable,Train5646
non-crystallizable,Train16144
non-crystallizable,Train484
non-crystallizable,Train18480
non-crystallizable,Train7178
non-crystallizable,Train3736
non-crystallizable,Train17206
non-crystallizable,Train21831
non-crystallizable,Train25502
non-crystallizable,Train10527
crystallizable,Train1267
non-crystallizable,Train11011
non-crystallizable,Train16541
crystallizable,Train4174
non-crystallizable,Train22856
non-crystallizable,Train15203
crystallizable,Train17171
crystallizable,Train568
crystallizable,Train48
non-crystallizable,Train23185
non-crystallizable,Train1872
non-crystallizable,Train903
non-crystallizable,Train24345
non-crystallizable,Train16324
non-crystallizable,Train11561
crystallizable,Train2937
crystallizable,Train2801
crystallizable,Train9698
non-crystallizable,Train18282
non-crystallizable,Train23574
non-crystallizable,Train10176
non-crystallizable,Train20202
crystallizable,Train4310
non-crystallizable,Train15167
non-crystallizable,Train5451
non-crystallizable,Train11757
non-crystallizable,Train15718
non-crystallizable,Train9259
non-crystallizable,Train8234
non-crystallizable,Train16823
crystallizable,Train25489
crystallizable,Train918
crystallizable,Train2785
non-crystallizable,Train14646
non-crystallizable,Train20173
non-crystallizable,Train7635
crystallizable,Train3224
non-crystallizable,Train14909
crystallizable,Train517
crystallizable,Train2827
non-crystallizable,Train14810
non-crystallizable,Train18635
non-crystallizable,Train1716
non-crystallizable,Train5059
non-crystallizable,Train10757
non-crystallizable,Train6388
non-crystallizable,Train21971
non-crystallizable,Train13758
non-crystallizable,Train22076
non-crystallizable,Train18906
non-crystallizable,Train13344
crystallizable,Train1361
non-crystallizable,Train18913
non-crystallizable,Train6293
non-crystallizable,Train8108
non-crystallizable,Train13360
non-crystallizable,Train12725
crystallizable,Train2740
non-crystallizable,Train15531
non-crystallizable,Train24440
non-crystallizable,Train11963
non-crystallizable,Train14782
non-crystallizable,Train6540
crystallizable,Train16328
non-crystallizable,Train7832
crystallizable,Train3414
non-crystallizable,Train25700
non-crystallizable,Train11618
non-crystallizable,Train660
non-crystallizable,Train4228
non-crystallizable,Train16127
non-crystallizable,Train16466
non-crystallizable,Train14474
non-crystallizable,Train14793
crystallizable,Train23553
non-crystallizable,Train19318
non-crystallizable,Train9692
non-crystallizable,Train7453
non-crystallizable,Train2984
crystallizable,Train20477
non-crystallizable,Train1547
crystallizable,Train363
non-crystallizable,Train9075
non-crystallizable,Train18278
non-crystallizable,Train4860
non-crystallizable,Train498
non-crystallizable,Train17241
non-crystallizable,Train5701
non-crystallizable,Train23013
non-crystallizable,Train698
non-crystallizable,Train5905
non-crystallizable,Train19577
non-crystallizable,Train8879
non-crystallizable,Train16799
non-crystallizable,Train12114
non-crystallizable,Train24817
non-crystallizable,Train9296
non-crystallizable,Train22267
non-crystallizable,Train17571
non-crystallizable,Train4387
non-crystallizable,Train4925
non-crystallizable,Train12108
crystallizable,Train11434
non-crystallizable,Train13110
non-crystallizable,Train8074
non-crystallizable,Train4360
non-crystallizable,Train22903
non-crystallizable,Train7670
crystallizable,Train3548
non-crystallizable,Train24539
crystallizable,Train3769
non-crystallizable,Train6641
non-crystallizable,Train15773
non-crystallizable,Train16832
non-crystallizable,Train16381
non-crystallizable,Train11937
non-crystallizable,Train17101
crystallizable,Train3122
non-crystallizable,Train3346
non-crystallizable,Train18644
non-crystallizable,Train16874
non-crystallizable,Train4624
non-crystallizable,Train1679
non-crystallizable,Train2978
non-crystallizable,Train25741
non-crystallizable,Train14802
non-crystallizable,Train3868
non-crystallizable,Train13770
crystallizable,Train6780
non-crystallizable,Train4948
non-crystallizable,Train4824
non-crystallizable,Train14287
non-crystallizable,Train4798
non-crystallizable,Train23840
crystallizable,Train3000
non-crystallizable,Train7643
non-crystallizable,Train9409
crystallizable,Train9702
non-crystallizable,Train20815
non-crystallizable,Train21408
non-crystallizable,Train22648
non-crystallizable,Train16653
non-crystallizable,Train19692
non-crystallizable,Train18181
non-crystallizable,Train19063
non-crystallizable,Train7804
non-crystallizable,Train22960
non-crystallizable,Train22259
crystallizable,Train3473
non-crystallizable,Train8001
non-crystallizable,Train7240
non-crystallizable,Train16519
non-crystallizable,Train19479
non-crystallizable,Train24680
non-crystallizable,Train4426
crystallizable,Train19054
crystallizable,Train812
crystallizable,Train15553
crystallizable,Train3394
non-crystallizable,Train11168
non-crystallizable,Train22928
non-crystallizable,Train6617
non-crystallizable,Train13838
non-crystallizable,Train4126
non-crystallizable,Train21798
crystallizable,Train2056
crystallizable,Train889
crystallizable,Train3077
non-crystallizable,Train2651
non-crystallizable,Train10425
non-crystallizable,Train11913
non-crystallizable,Train18073
crystallizable,Train3527
non-crystallizable,Train7052
non-crystallizable,Train7921
non-crystallizable,Train13755
crystallizable,Train342
non-crystallizable,Train9073
non-crystallizable,Train7616
non-crystallizable,Train24479
non-crystallizable,Train19429
non-crystallizable,Train380
non-crystallizable,Train11035
non-crystallizable,Train18566
non-crystallizable,Train18002
non-crystallizable,Train7851
crystallizable,Train2991
crystallizable,Train23987
non-crystallizable,Train7148
non-crystallizable,Train10648
non-crystallizable,Train23697
non-crystallizable,Train18307
non-crystallizable,Train23803
non-crystallizable,Train8059
crystallizable,Train5672
non-crystallizable,Train8287
non-crystallizable,Train20940
non-crystallizable,Train7274
non-crystallizable,Train20832
non-crystallizable,Train6164
non-crystallizable,Train13732
non-crystallizable,Train11544
non-crystallizable,Train7770
non-crystallizable,Train22248
non-crystallizable,Train25224
non-crystallizable,Train12733
non-crystallizable,Train16964
non-crystallizable,Train5729
non-crystallizable,Train25000
non-crystallizable,Train15233
non-crystallizable,Train22586
non-crystallizable,Train25372
non-crystallizable,Train9158
crystallizable,Train1793
non-crystallizable,Train7612
non-crystallizable,Train15595
non-crystallizable,Train7227
non-crystallizable,Train13235
non-crystallizable,Train16615
crystallizable,Train4813
non-crystallizable,Train6228
non-crystallizable,Train16001
crystallizable,Train3450
non-crystallizable,Train5940
non-crystallizable,Train24573
non-crystallizable,Train18633
non-crystallizable,Train6950
non-crystallizable,Train4961
non-crystallizable,Train12313
non-crystallizable,Train22025
non-crystallizable,Train7472
non-crystallizable,Train15195
crystallizable,Train10201
non-crystallizable,Train15898
non-crystallizable,Train3768
non-crystallizable,Train25070
non-crystallizable,Train14656
crystallizable,Train3584
non-crystallizable,Train18297
crystallizable,Train3609
non-crystallizable,Train15576
non-crystallizable,Train18190
non-crystallizable,Train19238
non-crystallizable,Train6374
non-crystallizable,Train14704
crystallizable,Train1879
non-crystallizable,Train21321
non-crystallizable,Train9108
non-crystallizable,Train25464
non-crystallizable,Train12932
crystallizable,Train3196
crystallizable,Train1607
non-crystallizable,Train1559
non-crystallizable,Train14736
non-crystallizable,Train23436
non-crystallizable,Train22195
non-crystallizable,Train13901
crystallizable,Train2637
crystallizable,Train18723
non-crystallizable,Train25701
non-crystallizable,Train1758
crystallizable,Train2317
non-crystallizable,Train14397
non-crystallizable,Train14734
crystallizable,Train1076
non-crystallizable,Train21193
non-crystallizable,Train7642
non-crystallizable,Train2342
non-crystallizable,Train6549
crystallizable,Train1102
non-crystallizable,Train6030
non-crystallizable,Train3668
non-crystallizable,Train13050
crystallizable,Train1242
crystallizable,Train2916
non-crystallizable,Train21480
non-crystallizable,Train15003
non-crystallizable,Train24042
non-crystallizable,Train19809
crystallizable,Train24304
non-crystallizable,Train7538
crystallizable,Train9500
non-crystallizable,Train24094
crystallizable,Train4542
non-crystallizable,Train11857
non-crystallizable,Train5237
non-crystallizable,Train12076
crystallizable,Train1795
non-crystallizable,Train21254
non-crystallizable,Train25421
crystallizable,Train2710
non-crystallizable,Train12895
non-crystallizable,Train21797
non-crystallizable,Train11958
crystallizable,Train3013
non-crystallizable,Train14538
non-crystallizable,Train16209
crystallizable,Train1814
non-crystallizable,Train24073
non-crystallizable,Train20680
non-crystallizable,Train24691
crystallizable,Train1080
non-crystallizable,Train21266
non-crystallizable,Train1696
non-crystallizable,Train12200
non-crystallizable,Train19772
non-crystallizable,Train6439
crystallizable,Train525
crystallizable,Train1998
crystallizable,Train18559
non-crystallizable,Train16106
non-crystallizable,Train24676
non-crystallizable,Train2092
crystallizable,Train245
non-crystallizable,Train4671
crystallizable,Train23363
non-crystallizable,Train11630
crystallizable,Train2896
non-crystallizable,Train11887
non-crystallizable,Train12447
non-crystallizable,Train25402
non-crystallizable,Train4742
crystallizable,Train1283
crystallizable,Train775
non-crystallizable,Train9478
non-crystallizable,Train25204
non-crystallizable,Train21785
crystallizable,Train4167
non-crystallizable,Train12152
non-crystallizable,Train15804
crystallizable,Train18856
non-crystallizable,Train24336
crystallizable,Train2241
non-crystallizable,Train117
non-crystallizable,Train7309
non-crystallizable,Train12205
non-crystallizable,Train20124
non-crystallizable,Train12911
non-crystallizable,Train2147
crystallizable,Train15877
non-crystallizable,Train11703
non-crystallizable,Train22476
crystallizable,Train10431
non-crystallizable,Train6473
non-crystallizable,Train17677
non-crystallizable,Train6397
non-crystallizable,Train9284
non-crystallizable,Train10281
non-crystallizable,Train14132
crystallizable,Train885
crystallizable,Train3114
non-crystallizable,Train7066
crystallizable,Train1665
non-crystallizable,Train17445
crystallizable,Train560
non-crystallizable,Train334
non-crystallizable,Train79
non-crystallizable,Train19214
crystallizable,Train2776
crystallizable,Train3142
non-crystallizable,Train14840
non-crystallizable,Train420
non-crystallizable,Train7294
non-crystallizable,Train10896
non-crystallizable,Train14270
crystallizable,Train2832
non-crystallizable,Train21854
non-crystallizable,Train7423
non-crystallizable,Train1967
non-crystallizable,Train12121
non-crystallizable,Train17325
crystallizable,Train3424
non-crystallizable,Train11092
non-crystallizable,Train23820
non-crystallizable,Train9838
crystallizable,Train2999
non-crystallizable,Train16668
non-crystallizable,Train2171
non-crystallizable,Train22988
crystallizable,Train14681
non-crystallizable,Train14751
non-crystallizable,Train5447
crystallizable,Train2514
non-crystallizable,Train833
crystallizable,Train3117
non-crystallizable,Train4996
non-crystallizable,Train11499
non-crystallizable,Train11849
non-crystallizable,Train16998
non-crystallizable,Train17435
non-crystallizable,Train25143
non-crystallizable,Train11936
non-crystallizable,Train16122
non-crystallizable,Train20187
crystallizable,Train1743
non-crystallizable,Train13904
crystallizable,Train1022
non-crystallizable,Train7978
non-crystallizable,Train7669
non-crystallizable,Train17299
non-crystallizable,Train8052
non-crystallizable,Train19676
non-crystallizable,Train6294
non-crystallizable,Train14697
non-crystallizable,Train19926
non-crystallizable,Train1126
non-crystallizable,Train6796
non-crystallizable,Train20112
crystallizable,Train3174
non-crystallizable,Train24383
crystallizable,Train9864
non-crystallizable,Train11581
non-crystallizable,Train7399
non-crystallizable,Train13822
non-crystallizable,Train24219
non-crystallizable,Train21253
crystallizable,Train1615
non-crystallizable,Train12003
non-crystallizable,Train13385
crystallizable,Train1857
crystallizable,Train1800
non-crystallizable,Train14778
crystallizable,Train817
non-crystallizable,Train14445
non-crystallizable,Train11972
non-crystallizable,Train4858
non-crystallizable,Train22295
crystallizable,Train3060
non-crystallizable,Train3970
non-crystallizable,Train735
non-crystallizable,Train9116
crystallizable,Train2221
non-crystallizable,Train2370
non-crystallizable,Train15537
non-crystallizable,Train11563
non-crystallizable,Train11455
non-crystallizable,Train9820
crystallizable,Train734
crystallizable,Train2932
non-crystallizable,Train7395
non-crystallizable,Train13805
non-crystallizable,Train14104
non-crystallizable,Train24125
crystallizable,Train3516
non-crystallizable,Train12143
non-crystallizable,Train721
non-crystallizable,Train9391
non-crystallizable,Train18885
crystallizable,Train3044
crystallizable,Train18806
crystallizable,Train798
non-crystallizable,Train13329
non-crystallizable,Train8303
non-crystallizable,Train17319
non-crystallizable,Train25254
crystallizable,Train4092
non-crystallizable,Train11234
non-crystallizable,Train15048
non-crystallizable,Train10128
non-crystallizable,Train23102
non-crystallizable,Train14525
non-crystallizable,Train14582
crystallizable,Train16358
crystallizable,Train14855
non-crystallizable,Train23194
non-crystallizable,Train6484
non-crystallizable,Train15407
non-crystallizable,Train7258
crystallizable,Train546
non-crystallizable,Train21537
non-crystallizable,Train20208
non-crystallizable,Train18279
non-crystallizable,Train8846
non-crystallizable,Train22118
non-crystallizable,Train18353
non-crystallizable,Train11648
non-crystallizable,Train19228
non-crystallizable,Train11523
non-crystallizable,Train16301
non-crystallizable,Train18368
non-crystallizable,Train25642
non-crystallizable,Train23933
non-crystallizable,Train16227
non-crystallizable,Train9548
non-crystallizable,Train23316
non-crystallizable,Train16651
non-crystallizable,Train7737
non-crystallizable,Train8837
non-crystallizable,Train4927
non-crystallizable,Train20191
crystallizable,Train3732
non-crystallizable,Train12095
non-crystallizable,Train21245
crystallizable,Train1139
non-crystallizable,Train12377
non-crystallizable,Train16088
non-crystallizable,Train12036
crystallizable,Train2200
non-crystallizable,Train20203
non-crystallizable,Train21820
crystallizable,Train4378
non-crystallizable,Train20528
non-crystallizable,Train19588
non-crystallizable,Train19041
non-crystallizable,Train17237
crystallizable,Train21162
non-crystallizable,Train1369
non-crystallizable,Train9010
non-crystallizable,Train21459
non-crystallizable,Train25309
crystallizable,Train3593
non-crystallizable,Train20131
non-crystallizable,Train18673
non-crystallizable,Train12066
crystallizable,Train8874
non-crystallizable,Train23801
crystallizable,Train3809
non-crystallizable,Train15345
non-crystallizable,Train5750
non-crystallizable,Train1641
crystallizable,Train2341
crystallizable,Train2976
non-crystallizable,Train13790
crystallizable,Train14654
non-crystallizable,Train11996
non-crystallizable,Train21867
non-crystallizable,Train21663
crystallizable,Train8389
non-crystallizable,Train6578
non-crystallizable,Train18518
non-crystallizable,Train9280
non-crystallizable,Train23058
non-crystallizable,Train16412
crystallizable,Train449
crystallizable,Train24239
non-crystallizable,Train15055
non-crystallizable,Train16977
non-crystallizable,Train14563
non-crystallizable,Train16564
non-crystallizable,Train14866
crystallizable,Train17270
non-crystallizable,Train262
non-crystallizable,Train2434
crystallizable,Train2613
crystallizable,Train9352
crystallizable,Train261
crystallizable,Train15092
crystallizable,Train21378
non-crystallizable,Train11977
crystallizable,Train2938
non-crystallizable,Train18404
non-crystallizable,Train25191
non-crystallizable,Train23018
non-crystallizable,Train7415
crystallizable,Train1978
non-crystallizable,Train13578
non-crystallizable,Train15329
crystallizable,Train5577
non-crystallizable,Train18370
non-crystallizable,Train7828
crystallizable,Train1953
non-crystallizable,Train18451
non-crystallizable,Train22963
non-crystallizable,Train23698
non-crystallizable,Train12824
non-crystallizable,Train9843
non-crystallizable,Train7651
non-crystallizable,Train15994
non-crystallizable,Train17605
non-crystallizable,Train4941
non-crystallizable,Train1437
non-crystallizable,Train5561
non-crystallizable,Train9610
non-crystallizable,Train24612
crystallizable,Train2520
non-crystallizable,Train4263
crystallizable,Train3573
non-crystallizable,Train18129
crystallizable,Train25488
non-crystallizable,Train1690
non-crystallizable,Train13912
crystallizable,Train1026
crystallizable,Train4392
crystallizable,Train3248
non-crystallizable,Train17568
non-crystallizable,Train17012
non-crystallizable,Train7401
crystallizable,Train3651
non-crystallizable,Train23722
non-crystallizable,Train18901
non-crystallizable,Train18736
crystallizable,Train4038
non-crystallizable,Train10354
non-crystallizable,Train13839
non-crystallizable,Train86
non-crystallizable,Train18220
non-crystallizable,Train25027
non-crystallizable,Train14763
non-crystallizable,Train22398
non-crystallizable,Train3821
crystallizable,Train2491
crystallizable,Train185
non-crystallizable,Train7263
non-crystallizable,Train12078
non-crystallizable,Train14425
non-crystallizable,Train14360
non-crystallizable,Train4830
non-crystallizable,Train24909
crystallizable,Train25901
non-crystallizable,Train11776
non-crystallizable,Train8709
crystallizable,Train3176
non-crystallizable,Train11840
non-crystallizable,Train9332
non-crystallizable,Train4812
non-crystallizable,Train13809
non-crystallizable,Train13890
non-crystallizable,Train21331
non-crystallizable,Train2189
non-crystallizable,Train7550
crystallizable,Train284
non-crystallizable,Train21910
non-crystallizable,Train5583
non-crystallizable,Train2095
crystallizable,Train2503
crystallizable,Train3383
non-crystallizable,Train12150
crystallizable,Train5304
non-crystallizable,Train16880
non-crystallizable,Train12333
non-crystallizable,Train12125
non-crystallizable,Train11517
non-crystallizable,Train1802
non-crystallizable,Train2227
crystallizable,Train2448
non-crystallizable,Train5977
non-crystallizable,Train24919
crystallizable,Train5881
crystallizable,Train2294
non-crystallizable,Train18444
non-crystallizable,Train17623
crystallizable,Train10288
non-crystallizable,Train1211
crystallizable,Train9350
non-crystallizable,Train16319
non-crystallizable,Train20787
crystallizable,Train15404
crystallizable,Train9721
crystallizable,Train1766
non-crystallizable,Train9742
non-crystallizable,Train2670
crystallizable,Train3146
non-crystallizable,Train25284
crystallizable,Train612
non-crystallizable,Train15172
non-crystallizable,Train17664
non-crystallizable,Train9739
non-crystallizable,Train5532
crystallizable,Train1453
non-crystallizable,Train15197
non-crystallizable,Train15831
non-crystallizable,Train21021
non-crystallizable,Train15784
crystallizable,Train18563
non-crystallizable,Train20209
non-crystallizable,Train9295
crystallizable,Train953
crystallizable,Train6133
crystallizable,Train7526
non-crystallizable,Train18499
crystallizable,Train591
non-crystallizable,Train15262
crystallizable,Train2190
non-crystallizable,Train14125
non-crystallizable,Train13685
crystallizable,Train23248
non-crystallizable,Train7102
crystallizable,Train2716
non-crystallizable,Train16154
non-crystallizable,Train17309
crystallizable,Train3489
non-crystallizable,Train20595
non-crystallizable,Train20470
non-crystallizable,Train8132
non-crystallizable,Train5159
non-crystallizable,Train11808
non-crystallizable,Train7352
non-crystallizable,Train9664
non-crystallizable,Train15990
non-crystallizable,Train8433
non-crystallizable,Train11772
non-crystallizable,Train20018
non-crystallizable,Train14484
non-crystallizable,Train21589
crystallizable,Train3557
non-crystallizable,Train20279
non-crystallizable,Train20833
non-crystallizable,Train25041
non-crystallizable,Train1782
non-crystallizable,Train16848
non-crystallizable,Train7333
non-crystallizable,Train23819
crystallizable,Train2678
non-crystallizable,Train8300
non-crystallizable,Train7346
non-crystallizable,Train16188
non-crystallizable,Train16576
crystallizable,Train10403
non-crystallizable,Train25400
non-crystallizable,Train17857
non-crystallizable,Train11628
non-crystallizable,Train21704
non-crystallizable,Train20827
non-crystallizable,Train25173
crystallizable,Train16681
crystallizable,Train3126
non-crystallizable,Train1973
non-crystallizable,Train15018
non-crystallizable,Train18089
non-crystallizable,Train7886
non-crystallizable,Train7222
non-crystallizable,Train23243
non-crystallizable,Train2899
non-crystallizable,Train25646
non-crystallizable,Train16219
non-crystallizable,Train9360
non-crystallizable,Train7929
non-crystallizable,Train8420
crystallizable,Train14745
crystallizable,Train2690
non-crystallizable,Train22645
crystallizable,Train855
non-crystallizable,Train14374
non-crystallizable,Train15603
non-crystallizable,Train9429
non-crystallizable,Train13706
non-crystallizable,Train16605
non-crystallizable,Train540
non-crystallizable,Train25799
non-crystallizable,Train16385
non-crystallizable,Train15259
non-crystallizable,Train15837
non-crystallizable,Train11572
non-crystallizable,Train23332
non-crystallizable,Train18489
non-crystallizable,Train2319
non-crystallizable,Train7119
non-crystallizable,Train15644
non-crystallizable,Train1358
non-crystallizable,Train13811
non-crystallizable,Train15406
non-crystallizable,Train25064
non-crystallizable,Train13753
non-crystallizable,Train25412
non-crystallizable,Train20632
crystallizable,Train5126
non-crystallizable,Train2085
non-crystallizable,Train15133
non-crystallizable,Train36
non-crystallizable,Train13806
non-crystallizable,Train25521
non-crystallizable,Train4328
non-crystallizable,Train18141
non-crystallizable,Train19608
crystallizable,Train1525
non-crystallizable,Train982
non-crystallizable,Train10402
non-crystallizable,Train12572
crystallizable,Train18547
non-crystallizable,Train6184
non-crystallizable,Train15205
crystallizable,Train1440
non-crystallizable,Train7598
non-crystallizable,Train24586
non-crystallizable,Train7933
non-crystallizable,Train14759
crystallizable,Train3601
non-crystallizable,Train7984
non-crystallizable,Train6554
non-crystallizable,Train21484
non-crystallizable,Train10530
non-crystallizable,Train23867
non-crystallizable,Train1582
crystallizable,Train9386
non-crystallizable,Train14953
non-crystallizable,Train14733
crystallizable,Train2762
crystallizable,Train1695
non-crystallizable,Train24572
non-crystallizable,Train25815
non-crystallizable,Train13877
non-crystallizable,Train7523
non-crystallizable,Train11520
non-crystallizable,Train17714
non-crystallizable,Train19113
crystallizable,Train910
non-crystallizable,Train4322
crystallizable,Train5288
non-crystallizable,Train25022
crystallizable,Train16039
non-crystallizable,Train17601
non-crystallizable,Train10819
crystallizable,Train1326
crystallizable,Train42
non-crystallizable,Train15234
non-crystallizable,Train16367
non-crystallizable,Train16530
non-crystallizable,Train16032
non-crystallizable,Train14661
crystallizable,Train3865
non-crystallizable,Train11982
crystallizable,Train1107
crystallizable,Train3486
non-crystallizable,Train15228
non-crystallizable,Train9952
non-crystallizable,Train13697
crystallizable,Train2731
non-crystallizable,Train2298
crystallizable,Train4982
non-crystallizable,Train23828
non-crystallizable,Train13053
non-crystallizable,Train12609
crystallizable,Train11433
non-crystallizable,Train9266
crystallizable,Train2655
crystallizable,Train24080
non-crystallizable,Train18299
non-crystallizable,Train18629
non-crystallizable,Train10133
non-crystallizable,Train21532
non-crystallizable,Train2895
non-crystallizable,Train7937
non-crystallizable,Train12002
non-crystallizable,Train599
non-crystallizable,Train13155
non-crystallizable,Train12599
non-crystallizable,Train14012
non-crystallizable,Train21665
crystallizable,Train176
crystallizable,Train3356
non-crystallizable,Train7493
non-crystallizable,Train8892
non-crystallizable,Train1581
crystallizable,Train14848
non-crystallizable,Train6566
non-crystallizable,Train14634
non-crystallizable,Train14990
non-crystallizable,Train17305
non-crystallizable,Train7610
non-crystallizable,Train23069
crystallizable,Train2238
non-crystallizable,Train1188
non-crystallizable,Train7319
non-crystallizable,Train4404
non-crystallizable,Train8090
non-crystallizable,Train19554
non-crystallizable,Train4833
non-crystallizable,Train7849
crystallizable,Train23290
crystallizable,Train4189
non-crystallizable,Train23799
non-crystallizable,Train23679
non-crystallizable,Train12092
non-crystallizable,Train24400
non-crystallizable,Train23841
non-crystallizable,Train11466
non-crystallizable,Train14624
non-crystallizable,Train12215
non-crystallizable,Train21292
non-crystallizable,Train9031
non-crystallizable,Train14406
non-crystallizable,Train5501
non-crystallizable,Train1762
crystallizable,Train1343
non-crystallizable,Train24427
crystallizable,Train2351
non-crystallizable,Train10352
crystallizable,Train2005
crystallizable,Train1430
non-crystallizable,Train20065
non-crystallizable,Train22380
non-crystallizable,Train23277
non-crystallizable,Train14831
non-crystallizable,Train18120
crystallizable,Train1504
non-crystallizable,Train19870
non-crystallizable,Train21730
non-crystallizable,Train20516
non-crystallizable,Train14924
non-crystallizable,Train20734
non-crystallizable,Train6855
non-crystallizable,Train12844
crystallizable,Train905
non-crystallizable,Train20369
non-crystallizable,Train4152
non-crystallizable,Train16876
crystallizable,Train18464
non-crystallizable,Train23601
non-crystallizable,Train7529
crystallizable,Train9418
crystallizable,Train3170
non-crystallizable,Train11632
non-crystallizable,Train9139
non-crystallizable,Train12219
non-crystallizable,Train15286
non-crystallizable,Train24619
non-crystallizable,Train21553
non-crystallizable,Train8218
non-crystallizable,Train12041
non-crystallizable,Train10426
non-crystallizable,Train16864
crystallizable,Train614
crystallizable,Train1587
non-crystallizable,Train8040
non-crystallizable,Train7997
non-crystallizable,Train6520
non-crystallizable,Train1096
crystallizable,Train2000
non-crystallizable,Train5860
crystallizable,Train1557
crystallizable,Train439
non-crystallizable,Train1520
non-crystallizable,Train8902
non-crystallizable,Train13175
crystallizable,Train1816
non-crystallizable,Train24344
non-crystallizable,Train10271
non-crystallizable,Train10005
non-crystallizable,Train11655
non-crystallizable,Train14382
non-crystallizable,Train7530
non-crystallizable,Train25357
non-crystallizable,Train53
non-crystallizable,Train21669
crystallizable,Train813
non-crystallizable,Train14528
non-crystallizable,Train17483
non-crystallizable,Train4888
non-crystallizable,Train1052
non-crystallizable,Train10971
crystallizable,Train5343
non-crystallizable,Train21935
non-crystallizable,Train8926
non-crystallizable,Train18303
crystallizable,Train4337
crystallizable,Train989
non-crystallizable,Train22519
crystallizable,Train435
non-crystallizable,Train24511
non-crystallizable,Train6138
non-crystallizable,Train15154
non-crystallizable,Train633
crystallizable,Train7307
non-crystallizable,Train4796
non-crystallizable,Train7289
non-crystallizable,Train4407
non-crystallizable,Train11968
non-crystallizable,Train19358
non-crystallizable,Train22794
non-crystallizable,Train17629
non-crystallizable,Train7138
non-crystallizable,Train2355
crystallizable,Train1034
non-crystallizable,Train8855
crystallizable,Train23424
crystallizable,Train1809
non-crystallizable,Train11984
non-crystallizable,Train22853
non-crystallizable,Train9934
non-crystallizable,Train120
crystallizable,Train1463
non-crystallizable,Train4913
non-crystallizable,Train12310
non-crystallizable,Train21792
non-crystallizable,Train15088
non-crystallizable,Train9679
non-crystallizable,Train14411
non-crystallizable,Train25208
non-crystallizable,Train21810
non-crystallizable,Train4037
non-crystallizable,Train7355
crystallizable,Train1422
non-crystallizable,Train20491
non-crystallizable,Train16214
crystallizable,Train1952
non-crystallizable,Train15778
crystallizable,Train3105
non-crystallizable,Train9130
non-crystallizable,Train11905
non-crystallizable,Train15780
non-crystallizable,Train8324
non-crystallizable,Train23673
non-crystallizable,Train25494
non-crystallizable,Train17471
non-crystallizable,Train2245
non-crystallizable,Train541
non-crystallizable,Train15900
non-crystallizable,Train25872
non-crystallizable,Train21301
non-crystallizable,Train16118
non-crystallizable,Train14753
non-crystallizable,Train21401
non-crystallizable,Train23487
crystallizable,Train1773
non-crystallizable,Train11712
non-crystallizable,Train11515
crystallizable,Train1083
non-crystallizable,Train15356
crystallizable,Train6789
non-crystallizable,Train14621
non-crystallizable,Train19854
non-crystallizable,Train4203
non-crystallizable,Train18484
non-crystallizable,Train21311
non-crystallizable,Train7806
non-crystallizable,Train4785
non-crystallizable,Train4344
non-crystallizable,Train17923
non-crystallizable,Train17756
non-crystallizable,Train16447
non-crystallizable,Train15056
non-crystallizable,Train14514
non-crystallizable,Train25903
non-crystallizable,Train1613
crystallizable,Train1220
crystallizable,Train9722
non-crystallizable,Train14602
non-crystallizable,Train7268
non-crystallizable,Train23804
non-crystallizable,Train21527
non-crystallizable,Train9723
non-crystallizable,Train19227
non-crystallizable,Train19425
crystallizable,Train4356
non-crystallizable,Train14149
non-crystallizable,Train15810
crystallizable,Train4291
non-crystallizable,Train6071
non-crystallizable,Train14682
non-crystallizable,Train21595
non-crystallizable,Train13696
non-crystallizable,Train15300
non-crystallizable,Train23261
non-crystallizable,Train18829
non-crystallizable,Train7801
non-crystallizable,Train18068
non-crystallizable,Train23500
non-crystallizable,Train7457
non-crystallizable,Train21214
non-crystallizable,Train2402
crystallizable,Train2502
crystallizable,Train15995
non-crystallizable,Train1558
non-crystallizable,Train23847
non-crystallizable,Train1722
non-crystallizable,Train16210
non-crystallizable,Train20575
non-crystallizable,Train4892
non-crystallizable,Train2951
crystallizable,Train1889
crystallizable,Train1129
non-crystallizable,Train102
non-crystallizable,Train11713
crystallizable,Train3995
non-crystallizable,Train15788
non-crystallizable,Train24694
non-crystallizable,Train2457
non-crystallizable,Train642
non-crystallizable,Train16870
crystallizable,Train8682
non-crystallizable,Train25235
non-crystallizable,Train6878
non-crystallizable,Train11399
non-crystallizable,Train17260
non-crystallizable,Train21745
non-crystallizable,Train11784
crystallizable,Train3313
non-crystallizable,Train13893
non-crystallizable,Train21555
non-crystallizable,Train9611
non-crystallizable,Train16984
crystallizable,Train3474
crystallizable,Train9218
crystallizable,Train1289
crystallizable,Train1546
non-crystallizable,Train24651
non-crystallizable,Train25597
non-crystallizable,Train8255
non-crystallizable,Train11914
crystallizable,Train335
crystallizable,Train330
non-crystallizable,Train4427
non-crystallizable,Train5528
non-crystallizable,Train3058
non-crystallizable,Train3588
non-crystallizable,Train10028
non-crystallizable,Train14728
non-crystallizable,Train15105
non-crystallizable,Train23848
non-crystallizable,Train11534
non-crystallizable,Train13887
non-crystallizable,Train15394
non-crystallizable,Train23213
non-crystallizable,Train7473
non-crystallizable,Train92
non-crystallizable,Train1685
non-crystallizable,Train22942
crystallizable,Train4784
non-crystallizable,Train16986
non-crystallizable,Train23203
non-crystallizable,Train12595
non-crystallizable,Train43
non-crystallizable,Train2099
crystallizable,Train3332
non-crystallizable,Train11596
non-crystallizable,Train11990
crystallizable,Train601
crystallizable,Train302
crystallizable,Train506
crystallizable,Train1524
non-crystallizable,Train12938
crystallizable,Train3990
non-crystallizable,Train74
non-crystallizable,Train2024
non-crystallizable,Train25918
crystallizable,Train24221
non-crystallizable,Train16666
non-crystallizable,Train14517
non-crystallizable,Train16526
non-crystallizable,Train2521
non-crystallizable,Train25455
crystallizable,Train9314
non-crystallizable,Train11460
crystallizable,Train2715
non-crystallizable,Train1672
non-crystallizable,Train25864
non-crystallizable,Train23888
non-crystallizable,Train15754
non-crystallizable,Train17871
non-crystallizable,Train12071
non-crystallizable,Train22024
non-crystallizable,Train4659
non-crystallizable,Train630
crystallizable,Train3437
crystallizable,Train2398
non-crystallizable,Train23709
non-crystallizable,Train18640
non-crystallizable,Train11488
crystallizable,Train3393
crystallizable,Train2714
non-crystallizable,Train9727
non-crystallizable,Train19586
non-crystallizable,Train14483
non-crystallizable,Train16532
crystallizable,Train3004
crystallizable,Train3080
non-crystallizable,Train15584
non-crystallizable,Train13844
crystallizable,Train2525
non-crystallizable,Train23684
non-crystallizable,Train22609
crystallizable,Train8927
non-crystallizable,Train16471
non-crystallizable,Train7269
non-crystallizable,Train4781
non-crystallizable,Train7430
non-crystallizable,Train4231
non-crystallizable,Train4951
non-crystallizable,Train11511
crystallizable,Train5457
non-crystallizable,Train12980
crystallizable,Train436
non-crystallizable,Train11948
non-crystallizable,Train4403
non-crystallizable,Train14830
non-crystallizable,Train7000
crystallizable,Train4818
non-crystallizable,Train11580
non-crystallizable,Train4905
non-crystallizable,Train2065
crystallizable,Train3132
non-crystallizable,Train23207
non-crystallizable,Train4297
non-crystallizable,Train17710
non-crystallizable,Train18544
non-crystallizable,Train11875
non-crystallizable,Train21734
non-crystallizable,Train9083
non-crystallizable,Train23373
non-crystallizable,Train10603
non-crystallizable,Train7691
crystallizable,Train9397
non-crystallizable,Train23797
non-crystallizable,Train13819
non-crystallizable,Train24556
non-crystallizable,Train25496
non-crystallizable,Train16674
non-crystallizable,Train11855
non-crystallizable,Train3597
crystallizable,Train14900
non-crystallizable,Train13782
non-crystallizable,Train16027
non-crystallizable,Train25471
non-crystallizable,Train8601
non-crystallizable,Train2445
non-crystallizable,Train9819
crystallizable,Train7033
crystallizable,Train765
non-crystallizable,Train14492
non-crystallizable,Train14819
non-crystallizable,Train16768
crystallizable,Train1868
non-crystallizable,Train15053
non-crystallizable,Train20130
non-crystallizable,Train17517
non-crystallizable,Train5626
non-crystallizable,Train19546
non-crystallizable,Train25165
non-crystallizable,Train23795
non-crystallizable,Train18455
non-crystallizable,Train18401
non-crystallizable,Train14428
crystallizable,Train2481
non-crystallizable,Train15942
non-crystallizable,Train24952
crystallizable,Train258
non-crystallizable,Train7189
crystallizable,Train8665
non-crystallizable,Train11726
non-crystallizable,Train20283
non-crystallizable,Train23690
non-crystallizable,Train12585
crystallizable,Train2680
non-crystallizable,Train1350
non-crystallizable,Train23520
non-crystallizable,Train23098
non-crystallizable,Train15911
non-crystallizable,Train13139
non-crystallizable,Train10771
non-crystallizable,Train24650
non-crystallizable,Train25595
non-crystallizable,Train15842
non-crystallizable,Train7692
non-crystallizable,Train18553
non-crystallizable,Train21374
non-crystallizable,Train18675
non-crystallizable,Train16545
non-crystallizable,Train14398
crystallizable,Train3772
non-crystallizable,Train19935
non-crystallizable,Train10093
non-crystallizable,Train7722
non-crystallizable,Train8278
non-crystallizable,Train25874
crystallizable,Train3200
non-crystallizable,Train23717
non-crystallizable,Train21533
non-crystallizable,Train13854
non-crystallizable,Train3798
non-crystallizable,Train16888
non-crystallizable,Train14450
non-crystallizable,Train12680
non-crystallizable,Train7171
non-crystallizable,Train4381
non-crystallizable,Train20495
non-crystallizable,Train320
non-crystallizable,Train2110
crystallizable,Train8515
crystallizable,Train3294
non-crystallizable,Train3706
non-crystallizable,Train14758
crystallizable,Train908
non-crystallizable,Train11469
non-crystallizable,Train6637
non-crystallizable,Train20582
non-crystallizable,Train16203
crystallizable,Train4319
non-crystallizable,Train11743
non-crystallizable,Train11509
non-crystallizable,Train7545
crystallizable,Train4113
crystallizable,Train578
non-crystallizable,Train6386
non-crystallizable,Train14764
non-crystallizable,Train1225
non-crystallizable,Train16793
non-crystallizable,Train16012
crystallizable,Train177
non-crystallizable,Train15529
non-crystallizable,Train7721
non-crystallizable,Train3217
non-crystallizable,Train23403
non-crystallizable,Train15760
crystallizable,Train9431
non-crystallizable,Train21650
non-crystallizable,Train2823
non-crystallizable,Train16680
crystallizable,Train4311
non-crystallizable,Train11467
non-crystallizable,Train22388
non-crystallizable,Train11848
non-crystallizable,Train4600
crystallizable,Train3304
non-crystallizable,Train10567
non-crystallizable,Train7494
non-crystallizable,Train7569
crystallizable,Train24170
crystallizable,Train2624
non-crystallizable,Train4164
non-crystallizable,Train7032
non-crystallizable,Train23750
non-crystallizable,Train1996
non-crystallizable,Train21439
non-crystallizable,Train12106
non-crystallizable,Train11407
